date,symbol,close,adj_close,price_used,price_basis,sma_50,sma_200,ema_20
2025-03-27,AGL.JO,53587.41,53585.99,53585.99,adj_close,,,
2025-03-28,AGL.JO,52211.31,52209.92,52209.92,adj_close,,,
2025-03-31,AGL.JO,50222.84,50221.51,50221.51,adj_close,,,
2025-04-01,AGL.JO,49822.79,49821.46,49821.46,adj_close,,,
2025-04-02,AGL.JO,51116.33,51114.96,51114.96,adj_close,,,
2025-04-03,AGL.JO,48460.45,48459.16,48459.16,adj_close,,,
2025-04-04,AGL.JO,44434.36,44433.18,44433.18,adj_close,,,
2025-04-07,AGL.JO,45378.96,45377.75,45377.75,adj_close,,,
2025-04-08,AGL.JO,45356.36,45355.14,45355.14,adj_close,,,
2025-04-09,AGL.JO,43990.08,43988.91,43988.91,adj_close,,,
2025-04-10,AGL.JO,47490.30,47489.03,47489.03,adj_close,,,
2025-04-11,AGL.JO,47967.02,47965.74,47965.74,adj_close,,,
2025-04-14,AGL.JO,48753.36,48752.06,48752.06,adj_close,,,
2025-04-15,AGL.JO,50149.12,50147.79,50147.79,adj_close,,,
2025-04-16,AGL.JO,49013.84,49012.53,49012.53,adj_close,,,
2025-04-17,AGL.JO,49000.08,48998.77,48998.77,adj_close,,,
2025-04-22,AGL.JO,50005.62,50004.29,50004.29,adj_close,,,
2025-04-23,AGL.JO,51603.86,51602.49,51602.49,adj_close,,,
2025-04-24,AGL.JO,52732.27,52730.86,52730.86,adj_close,,,
2025-04-25,AGL.JO,52493.41,52492.02,52492.02,adj_close,,,50165.40
2025-04-29,AGL.JO,52178.88,52177.49,52177.49,adj_close,,,50357.03
2025-04-30,AGL.JO,49421.75,49420.44,49420.44,adj_close,,,50267.83
2025-05-02,AGL.JO,51456.42,51455.05,51455.05,adj_close,,,50380.90
2025-05-05,AGL.JO,50566.87,50565.52,50565.52,adj_close,,,50398.48
2025-05-06,AGL.JO,49583.94,49582.62,49582.62,adj_close,,,50320.78
2025-05-07,AGL.JO,49490.56,49489.24,49489.24,adj_close,,,50241.58
2025-05-08,AGL.JO,48596.09,48594.80,48594.80,adj_close,,,50084.75
2025-05-09,AGL.JO,49221.24,49219.93,49219.93,adj_close,,,50002.38
2025-05-12,AGL.JO,51225.43,51224.07,51224.07,adj_close,,,50118.73
2025-05-13,AGL.JO,53407.54,53406.12,53406.12,adj_close,,,50431.82
2025-05-14,AGL.JO,52488.50,52487.10,52487.10,adj_close,,,50627.56
2025-05-15,AGL.JO,50605.20,50603.85,50603.85,adj_close,,,50625.30
2025-05-16,AGL.JO,48930.29,48928.98,48928.98,adj_close,,,50463.75
2025-05-19,AGL.JO,48836.91,48835.61,48835.61,adj_close,,,50308.69
2025-05-20,AGL.JO,49557.40,49556.08,49556.08,adj_close,,,50237.01
2025-05-21,AGL.JO,50444.00,50442.66,50442.66,adj_close,,,50256.60
2025-05-22,AGL.JO,50187.46,50186.12,50186.12,adj_close,,,50249.88
2025-05-23,AGL.JO,52119.90,52118.51,52118.51,adj_close,,,50427.85
2025-05-26,AGL.JO,53638.53,53637.10,53637.10,adj_close,,,50733.49
2025-05-27,AGL.JO,52658.55,52657.14,52657.14,adj_close,,,50916.70
2025-05-28,AGL.JO,52193.62,52192.23,52192.23,adj_close,,,51038.18
2025-05-29,AGL.JO,51899.72,51898.34,51898.34,adj_close,,,51120.10
2025-05-30,AGL.JO,52778.46,52777.06,52777.06,adj_close,,,51277.90
2025-06-02,AGL.JO,53826.00,53824.57,53824.57,adj_close,,,51520.44
2025-06-03,AGL.JO,52600.00,52598.60,52598.60,adj_close,,,51623.12
2025-06-04,AGL.JO,53215.00,53213.58,53213.58,adj_close,,,51774.60
2025-06-05,AGL.JO,55240.00,55238.53,55238.53,adj_close,,,52104.49
2025-06-06,AGL.JO,53274.00,53272.58,53272.58,adj_close,,,52215.74
2025-06-09,AGL.JO,52570.00,52568.60,52568.60,adj_close,,,52249.35
2025-06-10,AGL.JO,52582.00,52580.60,52580.60,adj_close,50570.33,,52280.89
2025-06-11,AGL.JO,51694.00,51692.62,51692.62,adj_close,50532.47,,52224.87
2025-06-12,AGL.JO,51260.00,51258.63,51258.63,adj_close,50513.44,,52132.85
2025-06-13,AGL.JO,50725.00,50723.65,50723.65,adj_close,50523.48,,51998.64
2025-06-17,AGL.JO,51040.00,51038.64,51038.64,adj_close,50547.83,,51907.21
2025-06-18,AGL.JO,50489.00,50487.65,50487.65,adj_close,50535.28,,51772.01
2025-06-19,AGL.JO,49350.00,49348.68,49348.68,adj_close,50553.07,,51541.22
2025-06-20,AGL.JO,48900.00,48898.70,48898.70,adj_close,50642.38,,51289.55
2025-06-23,AGL.JO,48830.00,48828.70,48828.70,adj_close,50711.40,,51055.18
2025-06-24,AGL.JO,49705.00,49703.68,49703.68,adj_close,50798.37,,50926.47
2025-06-25,AGL.JO,48925.00,48923.70,48923.70,adj_close,50897.07,,50735.73
2025-06-26,AGL.JO,52470.00,52468.60,52468.60,adj_close,50996.66,,50900.76
2025-06-27,AGL.JO,52178.00,52176.61,52176.61,adj_close,51080.88,,51022.27
2025-06-30,AGL.JO,52565.00,52563.60,52563.60,adj_close,51157.11,,51169.07
2025-07-01,AGL.JO,52228.00,52226.61,52226.61,adj_close,51198.68,,51269.78
2025-07-02,AGL.JO,54700.00,54698.54,54698.54,adj_close,51312.40,,51596.33
2025-07-03,AGL.JO,53614.00,53612.57,53612.57,adj_close,51404.68,,51788.36
2025-07-04,AGL.JO,53158.00,53156.58,53156.58,adj_close,51467.72,,51918.66
2025-07-07,AGL.JO,52945.00,52943.59,52943.59,adj_close,51494.55,,52016.27
2025-07-08,AGL.JO,53835.00,53833.57,53833.57,adj_close,51516.60,,52189.35
2025-07-09,AGL.JO,52454.00,52452.60,52452.60,adj_close,51515.81,,52214.42
2025-07-10,AGL.JO,54385.00,54383.55,54383.55,adj_close,51559.93,,52421.01
2025-07-11,AGL.JO,54355.00,54353.55,54353.55,adj_close,51658.60,,52605.06
2025-07-14,AGL.JO,53652.00,53650.57,53650.57,adj_close,51702.51,,52704.63
2025-07-15,AGL.JO,52985.00,52983.59,52983.59,adj_close,51750.87,,52731.20
2025-07-16,AGL.JO,52956.00,52954.59,52954.59,adj_close,51818.31,,52752.47
2025-07-17,AGL.JO,52868.00,52866.59,52866.59,adj_close,51885.85,,52763.34
2025-07-18,AGL.JO,53300.00,53298.58,53298.58,adj_close,51979.93,,52814.32
2025-07-21,AGL.JO,55045.00,55043.54,55043.54,adj_close,52096.40,,53026.62
2025-07-22,AGL.JO,55587.00,55585.52,55585.52,adj_close,52183.63,,53270.33
2025-07-23,AGL.JO,56215.00,56213.50,56213.50,adj_close,52239.78,,53550.63
2025-07-24,AGL.JO,55901.00,55899.51,55899.51,adj_close,52308.03,,53774.33
2025-07-25,AGL.JO,54822.00,54820.54,54820.54,adj_close,52392.36,,53873.97
2025-07-28,AGL.JO,53835.00,53833.57,53833.57,adj_close,52490.45,,53870.12
2025-07-29,AGL.JO,53215.00,53213.58,53213.58,adj_close,52578.01,,53807.60
2025-07-30,AGL.JO,52980.00,52978.59,52978.59,adj_close,52646.46,,53728.64
2025-07-31,AGL.JO,51085.00,51083.64,51083.64,adj_close,52659.28,,53476.74
2025-08-01,AGL.JO,49479.00,49477.68,49477.68,adj_close,52645.11,,53095.88
2025-08-04,AGL.JO,49326.00,49324.68,49324.68,adj_close,52589.24,,52736.71
2025-08-05,AGL.JO,49597.00,49595.68,49595.68,adj_close,52508.41,,52437.57
2025-08-06,AGL.JO,50247.00,50245.66,50245.66,adj_close,52460.18,,52228.81
2025-08-07,AGL.JO,50720.00,50718.65,50718.65,adj_close,52430.71,,52084.99
2025-08-08,AGL.JO,51525.00,51523.63,51523.63,adj_close,52423.21,,52031.53
2025-08-11,AGL.JO,51261.00,51259.63,51259.63,adj_close,52392.86,,51958.01
2025-08-12,AGL.JO,51615.00,51613.62,51613.62,adj_close,52348.64,,51925.21
2025-08-13,AGL.JO,51329.00,51327.63,51327.63,adj_close,52323.23,,51868.30
2025-08-14,AGL.JO,50729.00,50727.65,50727.65,adj_close,52273.51,,51759.67
2025-08-15,AGL.JO,51565.00,51563.62,51563.62,adj_close,52200.01,,51741.00
2025-08-18,AGL.JO,50805.00,50803.64,50803.64,adj_close,52150.63,,51651.72
2025-08-19,AGL.JO,51110.00,51108.64,51108.64,adj_close,52121.43,,51600.00
2025-08-20,AGL.JO,51200.00,51199.89,51199.89,adj_close,52093.82,,51561.90
2025-08-21,AGL.JO,51750.00,51749.89,51749.89,adj_close,52094.96,,51579.80
2025-08-22,AGL.JO,52158.00,52157.89,52157.89,adj_close,52112.95,,51634.86
2025-08-25,AGL.JO,51452.00,51451.89,51451.89,adj_close,52127.51,,51617.43
2025-08-26,AGL.JO,52710.00,52709.88,52709.88,adj_close,52160.94,,51721.47
2025-08-27,AGL.JO,52660.00,52659.88,52659.88,adj_close,52204.38,,51810.85
2025-08-28,AGL.JO,54075.00,54074.88,54074.88,adj_close,52298.91,,52026.47
2025-08-29,AGL.JO,54250.00,54249.88,54249.88,adj_close,52405.93,,52238.22
2025-09-01,AGL.JO,53705.00,53704.88,53704.88,adj_close,52503.45,,52377.90
2025-09-02,AGL.JO,52849.00,52848.88,52848.88,adj_close,52566.36,,52422.76
2025-09-03,AGL.JO,54174.00,54173.88,54173.88,adj_close,52671.36,,52589.53
2025-09-04,AGL.JO,53700.00,53699.88,53699.88,adj_close,52695.99,,52695.28
2025-09-05,AGL.JO,54042.00,54041.88,54041.88,adj_close,52733.29,,52823.53
2025-09-08,AGL.JO,54029.00,54028.88,54028.88,adj_close,52762.60,,52938.32
2025-09-09,AGL.JO,58888.00,58887.87,58887.87,adj_close,52895.82,,53504.95
2025-09-10,AGL.JO,60400.00,60399.87,60399.87,adj_close,53009.85,,54161.61
2025-09-11,AGL.JO,59782.00,59781.87,59781.87,adj_close,53133.23,,54696.87
2025-09-12,AGL.JO,60560.00,60559.87,60559.87,adj_close,53281.30,,55255.25
2025-09-15,AGL.JO,60621.00,60620.87,60620.87,adj_close,53434.85,,55766.26
2025-09-16,AGL.JO,61054.00,61053.87,61053.87,adj_close,53579.25,,56269.84
2025-09-17,AGL.JO,59875.00,59874.87,59874.87,adj_close,53727.70,,56613.18
2025-09-18,AGL.JO,59567.00,59566.87,59566.87,adj_close,53831.36,,56894.48
2025-09-19,AGL.JO,59500.00,59499.87,59499.87,adj_close,53934.29,,57142.61
2025-09-22,AGL.JO,59629.00,59628.87,59628.87,adj_close,54053.86,,57379.40
2025-09-23,AGL.JO,59485.00,59484.87,59484.87,adj_close,54183.88,,57579.92
2025-09-25,AGL.JO,62142.00,62141.86,62141.86,adj_close,54367.63,,58014.39
2025-09-26,AGL.JO,62387.00,62386.86,62386.86,adj_close,54558.03,,58430.82
2025-09-29,AGL.JO,63929.00,63928.86,63928.86,adj_close,54770.64,,58954.44
2025-09-30,AGL.JO,64650.00,64649.86,64649.86,adj_close,54962.76,,59496.86
2025-10-01,AGL.JO,64698.00,64697.86,64697.86,adj_close,55145.01,,59992.19
2025-10-02,AGL.JO,64126.00,64125.86,64125.86,adj_close,55303.26,,60385.88
2025-10-03,AGL.JO,65010.00,65009.86,65009.86,adj_close,55485.47,,60826.26
2025-10-06,AGL.JO,65496.00,65495.86,65495.86,adj_close,55698.97,,61270.98
2025-10-07,AGL.JO,65442.00,65441.86,65441.86,adj_close,55931.14,,61668.21
2025-10-08,AGL.JO,66270.00,66269.85,66269.85,adj_close,56192.26,,62106.46
2025-10-09,AGL.JO,67359.00,67358.85,67358.85,adj_close,56479.87,,62606.69
2025-10-10,AGL.JO,67488.00,67487.85,67487.85,adj_close,56807.95,,63071.56
2025-10-13,AGL.JO,68770.00,68769.85,68769.85,adj_close,57193.80,,63614.25
2025-10-14,AGL.JO,67350.00,67349.85,67349.85,adj_close,57554.30,,63970.02
2025-10-15,AGL.JO,68217.00,68216.85,68216.85,adj_close,57926.72,,64374.48
2025-10-16,AGL.JO,67844.00,67843.85,67843.85,adj_close,58278.69,,64704.90
2025-10-17,AGL.JO,66479.00,66478.85,66478.85,adj_close,58593.89,,64873.85
2025-10-20,AGL.JO,66626.00,66625.85,66625.85,adj_close,58895.93,,65040.71
2025-10-21,AGL.JO,65701.00,65700.85,65700.85,adj_close,59184.76,,65103.58
2025-10-22,AGL.JO,65674.00,65673.85,65673.85,adj_close,59465.96,,65157.89
2025-10-23,AGL.JO,66633.00,66632.85,66632.85,adj_close,59772.07,,65298.36
2025-10-24,AGL.JO,65104.00,65103.86,65103.86,adj_close,60059.59,,65279.84
2025-10-27,AGL.JO,65065.00,65064.86,65064.86,adj_close,60329.62,,65259.36
2025-10-28,AGL.JO,65968.00,65967.85,65967.85,adj_close,60632.90,,65326.84
2025-10-29,AGL.JO,66748.00,66747.85,66747.85,adj_close,60945.69,,65462.17
2025-10-30,AGL.JO,66010.00,66009.85,66009.85,adj_close,61241.89,,65514.33
2025-10-31,AGL.JO,65667.00,65666.85,65666.85,adj_close,61520.22,,65528.86
2025-11-03,AGL.JO,63917.00,63916.86,63916.86,adj_close,61755.40,,65375.33
2025-11-04,AGL.JO,62330.00,62329.86,62329.86,adj_close,61972.96,,65085.29
2025-11-05,AGL.JO,62980.00,62979.86,62979.86,adj_close,62178.36,,64884.77
2025-11-06,AGL.JO,63894.00,63893.86,63893.86,adj_close,62403.04,,64790.40
2025-11-07,AGL.JO,63092.00,63091.86,63091.86,adj_close,62583.38,,64628.63
2025-11-10,AGL.JO,63864.00,63863.86,63863.86,adj_close,62775.66,,64555.80
2025-11-11,AGL.JO,64524.00,64523.86,64523.86,adj_close,62992.04,,64552.76
2025-11-12,AGL.JO,65407.00,65406.86,65406.86,adj_close,63243.20,,64634.10
2025-11-13,AGL.JO,65046.00,65045.86,65045.86,adj_close,63460.64,,64673.31
2025-11-14,AGL.JO,63953.00,63952.86,63952.86,adj_close,63665.70,,64604.70
2025-11-17,AGL.JO,63178.00,63177.86,63177.86,adj_close,63848.42,,64468.81
2025-11-18,AGL.JO,60855.00,60854.87,60854.87,adj_close,63984.94,,64124.63
2025-11-19,AGL.JO,61945.00,61944.86,61944.86,adj_close,64046.08,,63917.03
2025-11-20,AGL.JO,61849.00,61848.86,61848.86,adj_close,64075.06,,63720.06
2025-11-21,AGL.JO,61490.00,61489.86,61489.86,adj_close,64109.22,,63507.66
2025-11-24,AGL.JO,61534.00,61533.86,61533.86,adj_close,64128.70,,63319.68
2025-11-25,AGL.JO,63329.00,63328.86,63328.86,adj_close,64182.86,,63320.55
2025-11-26,AGL.JO,63535.00,63534.86,63534.86,adj_close,64232.48,,63340.96
2025-11-27,AGL.JO,63810.00,63809.86,63809.86,adj_close,64311.18,,63385.62
2025-11-28,AGL.JO,64072.00,64071.86,64071.86,adj_close,64401.28,,63450.98
2025-12-01,AGL.JO,65839.00,65838.85,65838.85,adj_close,64528.06,,63678.39
2025-12-02,AGL.JO,64735.00,64734.86,64734.86,adj_close,64630.18,,63779.01
2025-12-03,AGL.JO,66172.00,66171.85,66171.85,adj_close,64763.92,,64006.90
2025-12-04,AGL.JO,66431.00,66430.85,66430.85,adj_close,64849.70,,64237.75
2025-12-05,AGL.JO,67368.00,67367.85,67367.85,adj_close,64949.32,,64535.86
2025-12-08,AGL.JO,67014.00,67013.85,67013.85,adj_close,65011.02,,64771.86
2025-12-09,AGL.JO,65863.00,65862.85,65862.85,adj_close,65035.28,,64875.76
2025-12-10,AGL.JO,65850.00,65849.85,65849.85,adj_close,65058.32,,64968.53
2025-12-11,AGL.JO,65724.00,65723.85,65723.85,adj_close,65090.28,,65040.47
2025-12-12,AGL.JO,64536.00,64535.86,64535.86,adj_close,65080.80,,64992.41
2025-12-15,AGL.JO,63894.00,63893.86,63893.86,adj_close,65048.76,,64887.78
2025-12-17,AGL.JO,65082.00,65081.86,65081.86,adj_close,65041.56,,64906.27
2025-12-18,AGL.JO,65139.00,65138.86,65138.86,adj_close,65018.94,,64928.42
2025-12-19,AGL.JO,65577.00,65576.85,65576.85,adj_close,64983.30,,64990.17
2025-12-22,AGL.JO,64621.00,64620.86,64620.86,adj_close,64925.96,,64955.00
2025-12-23,AGL.JO,66887.00,66886.85,66886.85,adj_close,64888.30,,65138.99
2025-12-24,AGL.JO,67235.00,67234.85,67234.85,adj_close,64886.00,,65338.59
2025-12-29,AGL.JO,67810.00,67809.85,67809.85,adj_close,64877.86,,65573.95
2025-12-30,AGL.JO,68424.00,68423.85,68423.85,adj_close,64889.46,,65845.37
2025-12-31,AGL.JO,68510.00,68509.85,68509.85,adj_close,64930.08,,66099.13
2026-01-02,AGL.JO,69355.00,69354.84,69354.84,adj_close,64984.66,,66409.20
2026-01-05,AGL.JO,69532.00,69531.84,69531.84,adj_close,65061.28,,66706.59
2026-01-06,AGL.JO,70880.00,70879.84,70879.84,adj_close,65165.40,,67104.04
2026-01-07,AGL.JO,69600.00,69599.84,69599.84,adj_close,65224.74,,67341.74
2026-01-08,AGL.JO,68570.00,68569.85,68569.85,adj_close,65294.05,,67458.70
2026-01-09,AGL.JO,70657.00,70656.84,70656.84,adj_close,65405.89,,67763.29
2026-01-12,AGL.JO,71358.00,71357.84,71357.84,adj_close,65513.69,,68105.63
2026-01-13,AGL.JO,71078.00,71077.84,71077.84,adj_close,65600.29,,68388.69
2026-01-14,AGL.JO,71808.00,71807.84,71807.84,adj_close,65716.25,57405.57,68714.33
2026-01-15,AGL.JO,72176.00,72175.84,72175.84,adj_close,65846.43,57498.52,69043.99
2026-01-16,AGL.JO,70868.00,70867.84,70867.84,adj_close,65985.45,57591.81,69217.69
2026-01-19,AGL.JO,71469.00,71468.84,71468.84,adj_close,66168.23,57698.05,69432.09
2026-01-20,AGL.JO,70408.00,70407.84,70407.84,adj_close,66316.79,57800.98,69525.02
2026-01-21,AGL.JO,74250.00,74249.84,74249.84,adj_close,66523.91,57916.65,69975.00
2026-01-22,AGL.JO,72914.00,72913.84,72913.84,adj_close,66720.35,58038.93,70254.89
2026-01-23,AGL.JO,74160.00,74159.84,74159.84,adj_close,66926.27,58187.56,70626.79
2026-01-26,AGL.JO,75982.00,75981.84,75981.84,adj_close,67155.43,58340.58,71136.79
2026-01-27,AGL.JO,75449.00,75448.84,75448.84,adj_close,67356.27,58491.05,71547.47
2026-01-28,AGL.JO,76345.00,76344.83,76344.83,adj_close,67582.25,58652.83,72004.36
2026-01-29,AGL.JO,77984.00,77983.83,77983.83,adj_close,67862.87,58805.30,72573.83
2026-01-30,AGL.JO,74636.00,74635.84,74635.84,adj_close,68092.03,58938.65,72770.21
2026-02-02,AGL.JO,74580.00,74579.84,74579.84,adj_close,68366.53,59067.79,72942.56
2026-02-03,AGL.JO,78893.00,78892.83,78892.83,adj_close,68705.49,59211.52,73509.25
2026-02-04,AGL.JO,79969.00,79968.82,79968.82,adj_close,69067.89,59366.30,74124.45
2026-02-05,AGL.JO,76067.00,76066.84,76066.84,adj_close,69359.43,59501.64,74309.44
2026-02-06,AGL.JO,74884.00,74883.84,74883.84,adj_close,69626.43,59626.04,74364.14
2026-02-09,AGL.JO,75983.00,75982.84,75982.84,adj_close,69879.51,59747.94,74518.30
2026-02-10,AGL.JO,77823.00,77822.83,77822.83,adj_close,70165.26,59873.40,74833.02
2026-02-11,AGL.JO,79793.00,79792.82,79792.82,adj_close,70484.92,60009.90,75305.38
2026-02-12,AGL.JO,79261.00,79260.83,79260.83,adj_close,70788.70,60145.32,75682.09
2026-02-13,AGL.JO,77760.00,77759.83,77759.83,adj_close,71027.12,60287.02,75879.97
2026-02-16,AGL.JO,77120.00,77119.83,77119.83,adj_close,71274.82,60415.34,75998.05
2026-02-17,AGL.JO,74762.00,74761.84,74761.84,adj_close,71446.62,60536.32,75880.32
2026-02-18,AGL.JO,78675.00,78674.83,78674.83,adj_close,71691.50,60681.78,76146.46
2026-02-19,AGL.JO,76875.00,76874.83,76874.83,adj_close,71881.64,60818.71,76215.83
2026-02-20,AGL.JO,78564.00,78563.83,78563.83,adj_close,72112.64,60968.56,76439.45
2026-02-23,AGL.JO,79582.00,79581.83,79581.83,adj_close,72387.02,61120.37,76738.72
2026-02-24,AGL.JO,78944.00,78943.83,78943.83,adj_close,72648.90,61258.96,76948.73
2026-02-25,AGL.JO,81744.00,81743.82,81743.82,adj_close,72969.30,61400.65,77405.41
2026-02-26,AGL.JO,78960.00,78959.83,78959.83,adj_close,73257.78,61533.02,77553.45
2026-02-27,AGL.JO,79912.00,79911.82,79911.82,adj_close,73578.14,61679.56,77778.06
2026-03-02,AGL.JO,77154.00,77153.83,77153.83,adj_close,73819.58,61820.68,77718.61
2026-03-03,AGL.JO,75570.00,75569.84,75569.84,adj_close,74028.20,61954.35,77513.96
2026-03-04,AGL.JO,76350.00,76349.83,76349.83,adj_close,74243.66,62088.32,77403.09
2026-03-05,AGL.JO,75778.00,75777.84,75777.84,adj_close,74466.80,62215.00,77248.31
2026-03-06,AGL.JO,70964.00,70963.84,70963.84,adj_close,74548.34,62318.89,76649.79
2026-03-09,AGL.JO,68270.00,68269.85,68269.85,adj_close,74569.04,62399.64,75851.70
2026-03-10,AGL.JO,72398.00,72397.84,72397.84,adj_close,74660.80,62493.45,75522.76
2026-03-11,AGL.JO,73103.00,73103.00,73103.00,adj_close,74754.38,62595.68,75292.30
2026-03-12,AGL.JO,71800.00,71800.00,71800.00,adj_close,74820.18,62693.71,74959.70
2026-03-13,AGL.JO,70470.00,70470.00,70470.00,adj_close,74842.49,62786.57,74532.11
2026-03-16,AGL.JO,69859.00,69859.00,69859.00,adj_close,74849.03,62871.98,74087.05
2026-03-17,AGL.JO,70174.00,70174.00,70174.00,adj_close,74834.91,62953.73,73714.38
2026-03-18,AGL.JO,68725.00,68725.00,68725.00,adj_close,74817.41,63034.36,73239.20
2026-03-19,AGL.JO,66063.00,66063.00,66063.00,adj_close,74767.28,63098.61,72555.76
2026-03-20,AGL.JO,64913.00,64913.00,64913.00,adj_close,74652.40,63146.98,71827.87
2026-03-23,AGL.JO,68824.00,68824.00,68824.00,adj_close,74601.72,63224.74,71541.79
2026-03-24,AGL.JO,68793.00,68793.00,68793.00,adj_close,74556.03,63305.86,71280.00
2026-03-25,AGL.JO,71908.00,71908.00,71908.00,adj_close,74558.03,63402.50,71339.81
2026-03-26,AGL.JO,69519.00,69519.00,69519.00,adj_close,74504.89,63491.63,71166.40
2026-03-27,AGL.JO,69607.00,69607.00,69607.00,adj_close,74479.68,63583.37,71017.89
2025-03-27,GFI.JO,38130.00,38115.43,38115.43,adj_close,,,
2025-03-28,GFI.JO,40899.00,40883.38,40883.38,adj_close,,,
2025-03-31,GFI.JO,40542.00,40526.51,40526.51,adj_close,,,
2025-04-01,GFI.JO,42000.00,41983.95,41983.95,adj_close,,,
2025-04-02,GFI.JO,42392.00,42375.80,42375.80,adj_close,,,
2025-04-03,GFI.JO,42543.00,42526.75,42526.75,adj_close,,,
2025-04-04,GFI.JO,38754.00,38739.20,38739.20,adj_close,,,
2025-04-07,GFI.JO,39660.00,39644.85,39644.85,adj_close,,,
2025-04-08,GFI.JO,40535.00,40519.51,40519.51,adj_close,,,
2025-04-09,GFI.JO,41880.00,41864.00,41864.00,adj_close,,,
2025-04-10,GFI.JO,45778.00,45760.51,45760.51,adj_close,,,
2025-04-11,GFI.JO,47477.00,47458.86,47458.86,adj_close,,,
2025-04-14,GFI.JO,44807.00,44789.88,44789.88,adj_close,,,
2025-04-15,GFI.JO,45547.00,45529.60,45529.60,adj_close,,,
2025-04-16,GFI.JO,46970.00,46952.05,46952.05,adj_close,,,
2025-04-17,GFI.JO,45281.00,45263.70,45263.70,adj_close,,,
2025-04-22,GFI.JO,45430.00,45412.64,45412.64,adj_close,,,
2025-04-23,GFI.JO,41252.00,41236.24,41236.24,adj_close,,,
2025-04-24,GFI.JO,41946.00,41929.98,41929.98,adj_close,,,
2025-04-25,GFI.JO,40667.00,40651.46,40651.46,adj_close,,,42429.23
2025-04-29,GFI.JO,41006.00,40990.34,40990.34,adj_close,,,42292.19
2025-04-30,GFI.JO,41901.00,41884.99,41884.99,adj_close,,,42253.41
2025-05-02,GFI.JO,39447.00,39431.93,39431.93,adj_close,,,41984.70
2025-05-05,GFI.JO,41805.00,41789.03,41789.03,adj_close,,,41966.06
2025-05-06,GFI.JO,42248.00,42231.86,42231.86,adj_close,,,41991.38
2025-05-07,GFI.JO,41971.00,41954.96,41954.96,adj_close,,,41987.91
2025-05-08,GFI.JO,40791.00,40775.42,40775.42,adj_close,,,41872.43
2025-05-09,GFI.JO,40700.00,40684.45,40684.45,adj_close,,,41759.29
2025-05-12,GFI.JO,37374.00,37359.72,37359.72,adj_close,,,41340.29
2025-05-13,GFI.JO,37165.00,37150.80,37150.80,adj_close,,,40941.29
2025-05-14,GFI.JO,36263.00,36249.14,36249.14,adj_close,,,40494.42
2025-05-15,GFI.JO,37081.00,37066.84,37066.84,adj_close,,,40167.98
2025-05-16,GFI.JO,36790.00,36775.95,36775.95,adj_close,,,39844.93
2025-05-19,GFI.JO,38268.00,38253.38,38253.38,adj_close,,,39693.35
2025-05-20,GFI.JO,39041.00,39026.09,39026.09,adj_close,,,39629.80
2025-05-21,GFI.JO,39610.00,39594.87,39594.87,adj_close,,,39626.48
2025-05-22,GFI.JO,39651.00,39635.85,39635.85,adj_close,,,39627.37
2025-05-23,GFI.JO,40878.00,40862.38,40862.38,adj_close,,,39744.99
2025-05-26,GFI.JO,39704.00,39688.83,39688.83,adj_close,,,39739.64
2025-05-27,GFI.JO,39771.00,39755.80,39755.80,adj_close,,,39741.18
2025-05-28,GFI.JO,40662.00,40646.47,40646.47,adj_close,,,39827.40
2025-05-29,GFI.JO,41194.00,41178.26,41178.26,adj_close,,,39956.05
2025-05-30,GFI.JO,40536.00,40520.51,40520.51,adj_close,,,40009.81
2025-06-02,GFI.JO,44926.00,44908.84,44908.84,adj_close,,,40476.38
2025-06-03,GFI.JO,44064.00,44047.16,44047.16,adj_close,,,40816.46
2025-06-04,GFI.JO,44699.00,44681.92,44681.92,adj_close,,,41184.60
2025-06-05,GFI.JO,45880.00,45862.47,45862.47,adj_close,,,41630.11
2025-06-06,GFI.JO,43830.00,43813.25,43813.25,adj_close,,,41838.03
2025-06-09,GFI.JO,43727.00,43710.29,43710.29,adj_close,,,42016.34
2025-06-10,GFI.JO,43369.00,43352.43,43352.43,adj_close,41520.97,,42143.58
2025-06-11,GFI.JO,43009.00,42992.57,42992.57,adj_close,41618.51,,42224.44
2025-06-12,GFI.JO,44576.00,44558.97,44558.97,adj_close,41692.03,,42446.78
2025-06-13,GFI.JO,45152.00,45134.75,45134.75,adj_close,41784.19,,42702.77
2025-06-17,GFI.JO,43508.00,43491.38,43491.38,adj_close,41814.34,,42777.88
2025-06-18,GFI.JO,43998.00,43981.19,43981.19,adj_close,41846.45,,42892.48
2025-06-19,GFI.JO,44700.00,44682.92,44682.92,adj_close,41889.57,,43063.00
2025-06-20,GFI.JO,44008.00,43991.19,43991.19,adj_close,41994.61,,43151.40
2025-06-23,GFI.JO,44704.00,44686.92,44686.92,adj_close,42095.45,,43297.64
2025-06-24,GFI.JO,42033.00,42016.94,42016.94,adj_close,42125.40,,43175.67
2025-06-25,GFI.JO,42706.00,42689.68,42689.68,adj_close,42141.91,,43129.38
2025-06-26,GFI.JO,42340.00,42323.83,42323.83,adj_close,42073.18,,43052.66
2025-06-27,GFI.JO,40405.00,40389.56,40389.56,adj_close,41931.79,,42799.03
2025-06-30,GFI.JO,41578.00,41562.11,41562.11,adj_close,41867.24,,42681.23
2025-07-01,GFI.JO,42169.00,42152.89,42152.89,adj_close,41799.70,,42630.91
2025-07-02,GFI.JO,42237.00,42220.87,42220.87,adj_close,41705.08,,42591.86
2025-07-03,GFI.JO,41932.00,41915.98,41915.98,adj_close,41638.13,,42527.49
2025-07-04,GFI.JO,43254.00,43237.47,43237.47,adj_close,41594.62,,42595.11
2025-07-07,GFI.JO,43232.00,43215.48,43215.48,adj_close,41634.21,,42654.19
2025-07-08,GFI.JO,42080.00,42063.93,42063.93,adj_close,41636.89,,42597.98
2025-07-09,GFI.JO,42508.00,42491.76,42491.76,adj_close,41673.69,,42587.86
2025-07-10,GFI.JO,42090.00,42073.92,42073.92,adj_close,41695.36,,42538.91
2025-07-11,GFI.JO,43280.00,43263.46,43263.46,adj_close,41722.93,,42607.92
2025-07-14,GFI.JO,43218.00,43201.49,43201.49,adj_close,41798.32,,42664.45
2025-07-15,GFI.JO,43697.00,43680.31,43680.31,adj_close,41836.15,,42761.20
2025-07-16,GFI.JO,42283.00,42266.84,42266.84,adj_close,41836.85,,42714.12
2025-07-17,GFI.JO,42859.00,42842.63,42842.63,adj_close,41854.60,,42726.36
2025-07-18,GFI.JO,43393.00,43376.43,43376.43,adj_close,41906.62,,42788.27
2025-07-21,GFI.JO,45480.00,45462.62,45462.62,adj_close,42002.19,,43042.97
2025-07-22,GFI.JO,45678.00,45660.55,45660.55,adj_close,42168.20,,43292.26
2025-07-23,GFI.JO,45058.00,45040.79,45040.79,adj_close,42326.00,,43458.79
2025-07-24,GFI.JO,43700.00,43683.30,43683.30,adj_close,42474.69,,43480.17
2025-07-25,GFI.JO,43370.00,43353.43,43353.43,adj_close,42600.42,,43468.10
2025-07-28,GFI.JO,43680.00,43663.31,43663.31,adj_close,42738.17,,43486.69
2025-07-29,GFI.JO,44815.00,44797.88,44797.88,adj_close,42869.06,,43611.57
2025-07-30,GFI.JO,44741.00,44723.91,44723.91,adj_close,42983.01,,43717.50
2025-07-31,GFI.JO,44080.00,44063.16,44063.16,adj_close,43072.38,,43750.42
2025-08-01,GFI.JO,45965.00,45947.44,45947.44,adj_close,43198.61,,43959.66
2025-08-04,GFI.JO,49969.00,49949.91,49949.91,adj_close,43380.36,,44530.16
2025-08-05,GFI.JO,53454.00,53433.58,53433.58,adj_close,43655.25,,45378.11
2025-08-06,GFI.JO,54270.00,54249.27,54249.27,adj_close,43945.12,,46222.98
2025-08-07,GFI.JO,55406.00,55384.83,55384.83,adj_close,44239.89,,47095.54
2025-08-08,GFI.JO,55797.00,55775.68,55775.68,adj_close,44531.84,,47922.22
2025-08-11,GFI.JO,55600.00,55578.76,55578.76,adj_close,44833.00,,48651.41
2025-08-12,GFI.JO,54990.00,54968.99,54968.99,adj_close,45034.21,,49253.09
2025-08-13,GFI.JO,53913.00,53892.40,53892.40,adj_close,45231.11,,49694.93
2025-08-14,GFI.JO,53075.00,53054.72,53054.72,adj_close,45398.57,,50014.91
2025-08-15,GFI.JO,52825.00,52804.82,52804.82,adj_close,45537.42,,50280.61
2025-08-18,GFI.JO,52797.00,52776.83,52776.83,adj_close,45716.69,,50518.35
2025-08-19,GFI.JO,52694.00,52673.87,52673.87,adj_close,45895.96,,50723.63
2025-08-20,GFI.JO,52342.00,52322.00,52322.00,adj_close,46075.35,,50875.86
2025-08-21,GFI.JO,54284.00,54263.26,54263.26,adj_close,46300.76,,51198.47
2025-08-22,GFI.JO,53974.00,53953.38,53953.38,adj_close,46488.65,,51460.84
2025-08-25,GFI.JO,56292.00,56270.50,56270.50,adj_close,46711.37,,51918.90
2025-08-26,GFI.JO,57870.00,57847.89,57847.89,adj_close,46998.50,,52483.57
2025-08-27,GFI.JO,58629.00,58606.60,58606.60,adj_close,47291.01,,53066.72
2025-08-28,GFI.JO,57027.00,57005.21,57005.21,adj_close,47537.45,,53441.81
2025-08-29,GFI.JO,57971.00,57948.86,57948.86,adj_close,47816.61,,53871.05
2025-09-01,GFI.JO,59347.00,59324.33,59324.33,adj_close,48109.35,,54390.41
2025-09-02,GFI.JO,60288.00,60264.96,60264.96,adj_close,48474.31,,54949.89
2025-09-03,GFI.JO,61793.00,61769.39,61769.39,adj_close,48855.91,,55599.37
2025-09-04,GFI.JO,59739.00,59716.18,59716.18,adj_close,49203.75,,55991.45
2025-09-05,GFI.JO,60581.00,60557.86,60557.86,adj_close,49607.12,,56426.34
2025-09-08,GFI.JO,62700.00,62676.04,62676.04,adj_close,50029.40,,57021.55
2025-09-09,GFI.JO,62750.00,62726.03,62726.03,adj_close,50440.86,,57564.84
2025-09-10,GFI.JO,65152.00,65134.38,65134.38,adj_close,50899.13,,58285.74
2025-09-11,GFI.JO,64500.00,64482.55,64482.55,adj_close,51350.46,,58875.92
2025-09-12,GFI.JO,65407.00,65389.31,65389.31,adj_close,51793.50,,59496.24
2025-09-15,GFI.JO,66376.00,66358.05,66358.05,adj_close,52256.35,,60149.75
2025-09-16,GFI.JO,66505.00,66487.01,66487.01,adj_close,52744.81,,60753.29
2025-09-17,GFI.JO,66733.00,66714.95,66714.95,adj_close,53229.28,,61321.07
2025-09-18,GFI.JO,64982.00,64964.42,64964.42,adj_close,53687.09,,61668.06
2025-09-19,GFI.JO,69133.00,69114.30,69114.30,adj_close,54204.10,,62377.22
2025-09-22,GFI.JO,71782.00,71762.59,71762.59,adj_close,54775.33,,63271.07
2025-09-23,GFI.JO,72524.00,72504.38,72504.38,adj_close,55351.81,,64150.43
2025-09-25,GFI.JO,68770.00,68751.40,68751.40,adj_close,55881.50,,64588.62
2025-09-26,GFI.JO,70649.00,70629.89,70629.89,adj_close,56437.24,,65163.98
2025-09-29,GFI.JO,71484.00,71464.66,71464.66,adj_close,56999.01,,65764.04
2025-09-30,GFI.JO,72909.00,72889.28,72889.28,adj_close,57547.54,,66442.64
2025-10-01,GFI.JO,72300.00,72280.45,72280.45,adj_close,58079.94,,66998.62
2025-10-02,GFI.JO,71248.00,71228.73,71228.73,adj_close,58603.70,,67401.49
2025-10-03,GFI.JO,72681.00,72661.34,72661.34,adj_close,59183.26,,67902.42
2025-10-06,GFI.JO,73343.00,73323.16,73323.16,adj_close,59782.65,,68418.69
2025-10-07,GFI.JO,71861.00,71841.56,71841.56,adj_close,60346.22,,68744.67
2025-10-08,GFI.JO,74366.00,74345.88,74345.88,adj_close,60937.18,,69278.12
2025-10-09,GFI.JO,71230.00,71210.73,71210.73,adj_close,61466.92,,69462.18
2025-10-10,GFI.JO,69527.00,69508.20,69508.20,adj_close,61975.82,,69466.56
2025-10-13,GFI.JO,74269.00,74248.91,74248.91,adj_close,62541.85,,69922.02
2025-10-14,GFI.JO,75029.00,75008.70,75008.70,adj_close,63043.02,,70406.47
2025-10-15,GFI.JO,74224.00,74203.92,74203.92,adj_close,63458.43,,70768.13
2025-10-16,GFI.JO,79855.00,79833.40,79833.40,adj_close,63970.11,,71631.49
2025-10-17,GFI.JO,75120.00,75099.68,75099.68,adj_close,64364.41,,71961.79
2025-10-20,GFI.JO,75511.00,75490.58,75490.58,adj_close,64758.71,,72297.87
2025-10-21,GFI.JO,68617.00,68598.44,68598.44,adj_close,65019.10,,71945.54
2025-10-22,GFI.JO,66504.00,66486.01,66486.01,adj_close,65249.44,,71425.59
2025-10-23,GFI.JO,70659.00,70639.89,70639.89,adj_close,65584.39,,71350.76
2025-10-24,GFI.JO,70610.00,70590.90,70590.90,adj_close,65935.11,,71278.39
2025-10-27,GFI.JO,62988.00,62970.96,62970.96,adj_close,66138.44,,70487.21
2025-10-28,GFI.JO,64887.00,64869.45,64869.45,adj_close,66380.29,,69952.18
2025-10-29,GFI.JO,66809.00,66790.93,66790.93,adj_close,66662.63,,69651.11
2025-10-30,GFI.JO,67341.00,67322.79,67322.79,adj_close,66962.65,,69429.37
2025-10-31,GFI.JO,67802.00,67783.66,67783.66,adj_close,67233.05,,69272.63
2025-11-03,GFI.JO,66200.00,66182.09,66182.09,adj_close,67477.63,,68978.29
2025-11-04,GFI.JO,63339.00,63321.87,63321.87,adj_close,67618.65,,68439.59
2025-11-05,GFI.JO,66166.00,66148.10,66148.10,adj_close,67784.66,,68221.35
2025-11-06,GFI.JO,67663.00,67644.70,67644.70,adj_close,67965.42,,68166.43
2025-11-07,GFI.JO,67277.00,67258.80,67258.80,adj_close,68170.49,,68079.99
2025-11-10,GFI.JO,70501.00,70481.93,70481.93,adj_close,68421.15,,68308.75
2025-11-11,GFI.JO,72394.00,72374.42,72374.42,adj_close,68682.16,,68695.95
2025-11-12,GFI.JO,71786.00,71766.59,71766.59,adj_close,68912.19,,68988.40
2025-11-13,GFI.JO,72192.00,72172.48,72172.48,adj_close,69120.25,,69291.64
2025-11-14,GFI.JO,70212.00,70193.01,70193.01,adj_close,69329.79,,69377.49
2025-11-17,GFI.JO,69793.00,69774.12,69774.12,adj_close,69514.11,,69415.26
2025-11-18,GFI.JO,68574.00,68555.45,68555.45,adj_close,69631.70,,69333.37
2025-11-19,GFI.JO,71880.00,71860.55,71860.55,adj_close,69814.39,,69574.06
2025-11-20,GFI.JO,69058.00,69039.32,69039.32,adj_close,69892.49,,69523.13
2025-11-21,GFI.JO,66431.00,66413.03,66413.03,adj_close,69931.10,,69226.93
2025-11-24,GFI.JO,67345.00,67326.78,67326.78,adj_close,69969.85,,69045.96
2025-11-25,GFI.JO,69215.00,69196.28,69196.28,adj_close,70026.61,,69060.28
2025-11-26,GFI.JO,71122.00,71102.77,71102.77,adj_close,70118.93,,69254.80
2025-11-27,GFI.JO,70473.00,70453.94,70453.94,adj_close,70193.71,,69369.01
2025-11-28,GFI.JO,71888.00,71868.55,71868.55,adj_close,70331.79,,69607.06
2025-12-01,GFI.JO,73686.00,73666.07,73666.07,adj_close,70422.83,,69993.63
2025-12-02,GFI.JO,71004.00,70984.80,70984.80,adj_close,70407.27,,70088.03
2025-12-03,GFI.JO,70295.00,70275.98,70275.98,adj_close,70362.70,,70105.93
2025-12-04,GFI.JO,69127.00,69108.30,69108.30,adj_close,70369.84,,70010.92
2025-12-05,GFI.JO,73500.00,73480.12,73480.12,adj_close,70426.85,,70341.32
2025-12-08,GFI.JO,70785.00,70765.85,70765.85,adj_close,70412.87,,70381.75
2025-12-09,GFI.JO,71413.00,71393.69,71393.69,adj_close,70382.96,,70478.12
2025-12-10,GFI.JO,72047.00,72027.52,72027.52,adj_close,70377.90,,70625.68
2025-12-11,GFI.JO,73181.00,73161.20,73161.20,adj_close,70416.55,,70867.16
2025-12-12,GFI.JO,75810.00,75789.49,75789.49,adj_close,70479.11,,71335.96
2025-12-15,GFI.JO,74000.00,73979.98,73979.98,adj_close,70492.25,,71587.77
2025-12-17,GFI.JO,74200.00,74179.93,74179.93,adj_close,70539.01,,71834.64
2025-12-18,GFI.JO,74242.00,74221.92,74221.92,adj_close,70536.54,,72062.00
2025-12-19,GFI.JO,74138.00,74117.95,74117.95,adj_close,70594.68,,72257.80
2025-12-22,GFI.JO,78462.00,78440.77,78440.77,adj_close,70773.33,,72846.66
2025-12-23,GFI.JO,77188.00,77167.12,77167.12,adj_close,70831.70,,73258.13
2025-12-24,GFI.JO,77188.00,77167.12,77167.12,adj_close,70874.86,,73630.42
2025-12-29,GFI.JO,74028.00,74007.98,74007.98,adj_close,70870.95,,73666.37
2025-12-30,GFI.JO,74250.00,74229.91,74229.91,adj_close,70758.88,,73720.04
2025-12-31,GFI.JO,72571.00,72551.37,72551.37,adj_close,70707.91,,73608.74
2026-01-02,GFI.JO,71918.00,71898.55,71898.55,adj_close,70636.07,,73445.87
2026-01-05,GFI.JO,74000.00,73979.98,73979.98,adj_close,70743.70,,73496.73
2026-01-06,GFI.JO,75565.00,75544.56,75544.56,adj_close,70924.87,,73691.77
2026-01-07,GFI.JO,73031.00,73011.25,73011.25,adj_close,70972.30,,73626.95
2026-01-08,GFI.JO,73018.00,72998.25,72998.25,adj_close,71020.44,,73567.08
2026-01-09,GFI.JO,74853.00,74832.75,74832.75,adj_close,71257.68,,73687.62
2026-01-12,GFI.JO,78994.00,78972.63,78972.63,adj_close,71539.74,,74190.95
2026-01-13,GFI.JO,81919.00,81896.84,81896.84,adj_close,71841.86,,74924.85
2026-01-14,GFI.JO,82036.00,82013.81,82013.81,adj_close,72135.68,56673.66,75599.99
2026-01-15,GFI.JO,81778.00,81755.88,81755.88,adj_close,72415.13,56891.86,76186.26
2026-01-16,GFI.JO,81850.00,81827.86,81827.86,adj_close,72728.04,57096.59,76723.56
2026-01-19,GFI.JO,83278.00,83255.48,83255.48,adj_close,73126.71,57310.23,77345.64
2026-01-20,GFI.JO,86253.00,86229.67,86229.67,adj_close,73528.35,57531.46,78191.74
2026-01-21,GFI.JO,87057.00,87033.45,87033.45,adj_close,73916.12,57754.75,79033.81
2026-01-22,GFI.JO,82915.00,82892.57,82892.57,adj_close,74228.80,57956.58,79401.31
2026-01-23,GFI.JO,85151.00,85127.97,85127.97,adj_close,74521.72,58188.52,79946.71
2026-01-26,GFI.JO,92000.00,91975.12,91975.12,adj_close,74913.73,58450.17,81092.27
2026-01-27,GFI.JO,86265.00,86241.66,86241.66,adj_close,75203.23,58678.78,81582.69
2026-01-28,GFI.JO,93248.00,93222.78,93222.78,adj_close,75624.24,58935.58,82691.27
2026-01-29,GFI.JO,93610.00,93584.68,93584.68,adj_close,76092.07,59174.70,83728.74
2026-01-30,GFI.JO,84971.00,84948.02,84948.02,adj_close,76395.55,59362.14,83844.86
2026-02-02,GFI.JO,79821.00,79799.41,79799.41,adj_close,76620.43,59537.19,83459.58
2026-02-03,GFI.JO,83158.00,83135.51,83135.51,adj_close,76845.93,59725.22,83428.71
2026-02-04,GFI.JO,85358.00,85334.91,85334.91,adj_close,77171.84,59917.14,83610.26
2026-02-05,GFI.JO,82732.00,82709.62,82709.62,adj_close,77497.77,60104.37,83524.48
2026-02-06,GFI.JO,86560.00,86536.59,86536.59,adj_close,77881.97,60309.99,83811.35
2026-02-09,GFI.JO,86767.00,86743.53,86743.53,adj_close,78232.91,60537.52,84090.60
2026-02-10,GFI.JO,87869.00,87845.23,87845.23,adj_close,78567.76,60767.10,84448.19
2026-02-11,GFI.JO,89632.00,89607.76,89607.76,adj_close,78950.84,61011.88,84939.58
2026-02-12,GFI.JO,88616.00,88592.03,88592.03,adj_close,79285.31,61249.89,85287.43
2026-02-13,GFI.JO,86413.00,86389.62,86389.62,adj_close,79539.78,61472.41,85392.40
2026-02-16,GFI.JO,86744.00,86720.54,86720.54,adj_close,79854.49,61708.85,85518.89
2026-02-17,GFI.JO,81645.00,81622.91,81622.91,adj_close,80081.43,61908.02,85147.84
2026-02-18,GFI.JO,84371.00,84348.18,84348.18,adj_close,80386.23,62118.60,85071.68
2026-02-19,GFI.JO,84215.00,84192.22,84192.22,adj_close,80600.47,62329.79,84987.93
2026-02-20,GFI.JO,85750.00,85726.80,85726.80,adj_close,80899.69,62554.55,85058.30
2026-02-23,GFI.JO,89537.00,89512.78,89512.78,adj_close,81262.07,62798.69,85482.53
2026-02-24,GFI.JO,88166.00,88142.15,88142.15,adj_close,81584.37,63052.60,85735.83
2026-02-25,GFI.JO,92600.00,92574.95,92574.95,adj_close,81972.64,63329.72,86387.17
2026-02-26,GFI.JO,89097.00,89072.90,89072.90,adj_close,82238.31,63593.84,86642.96
2026-02-27,GFI.JO,92847.00,92821.88,92821.88,adj_close,82615.15,63872.62,87231.43
2026-03-02,GFI.JO,92097.00,92072.09,92072.09,adj_close,82972.99,64149.10,87692.44
2026-03-03,GFI.JO,83000.00,82977.55,82977.55,adj_close,83148.10,64372.72,87243.40
2026-03-04,GFI.JO,82500.00,82477.69,82477.69,adj_close,83315.30,64589.98,86789.53
2026-03-05,GFI.JO,82049.00,82026.80,82026.80,adj_close,83387.02,64802.14,86335.93
2026-03-06,GFI.JO,79879.00,79857.39,79857.39,adj_close,83440.82,65003.24,85718.93
2026-03-09,GFI.JO,84273.00,84250.20,84250.20,adj_close,83582.49,65220.18,85579.05
2026-03-10,GFI.JO,85032.00,85009.00,85009.00,adj_close,83802.51,65446.78,85524.76
2026-03-11,GFI.JO,80147.00,80147.00,80147.00,adj_close,83920.85,65648.74,85012.59
2026-03-12,GFI.JO,82947.00,82947.00,82947.00,adj_close,84128.76,65860.24,84815.87
2026-03-13,GFI.JO,78027.00,78027.00,78027.00,adj_close,84251.33,66044.49,84169.31
2026-03-16,GFI.JO,78595.00,78595.00,78595.00,adj_close,84343.63,66234.86,83638.42
2026-03-17,GFI.JO,78826.00,78826.00,78826.00,adj_close,84409.26,66404.44,83180.10
2026-03-18,GFI.JO,72620.00,72620.00,72620.00,adj_close,84401.43,66547.31,82174.37
2026-03-19,GFI.JO,68430.00,68430.00,68430.00,adj_close,84310.07,66666.05,80865.39
2026-03-20,GFI.JO,66632.00,66632.00,66632.00,adj_close,84146.05,66769.90,79509.83
2026-03-23,GFI.JO,67634.00,67634.00,67634.00,adj_close,83919.28,66889.00,78378.79
2026-03-24,GFI.JO,68996.00,68996.00,68996.00,adj_close,83661.26,67015.43,77485.19
2026-03-25,GFI.JO,72747.00,72747.00,72747.00,adj_close,83475.93,67162.40,77033.94
2026-03-26,GFI.JO,71280.00,71280.00,71280.00,adj_close,83266.41,67303.84,76485.94
2026-03-27,GFI.JO,71159.00,71159.00,71159.00,adj_close,83053.03,67436.84,75978.62
2025-03-27,MTN.JO,12294.00,12290.12,12290.12,adj_close,,,
2025-03-28,MTN.JO,12494.00,12490.05,12490.05,adj_close,,,
2025-03-31,MTN.JO,12323.00,12319.11,12319.11,adj_close,,,
2025-04-01,MTN.JO,12412.00,12408.08,12408.08,adj_close,,,
2025-04-02,MTN.JO,12094.00,12090.18,12090.18,adj_close,,,
2025-04-03,MTN.JO,11309.00,11305.43,11305.43,adj_close,,,
2025-04-04,MTN.JO,10552.00,10548.67,10548.67,adj_close,,,
2025-04-07,MTN.JO,10355.00,10351.73,10351.73,adj_close,,,
2025-04-08,MTN.JO,10918.00,10914.55,10914.55,adj_close,,,
2025-04-09,MTN.JO,10400.00,10400.00,10400.00,adj_close,,,
2025-04-10,MTN.JO,10650.00,10650.00,10650.00,adj_close,,,
2025-04-11,MTN.JO,10455.00,10455.00,10455.00,adj_close,,,
2025-04-14,MTN.JO,11028.00,11028.00,11028.00,adj_close,,,
2025-04-15,MTN.JO,11038.00,11038.00,11038.00,adj_close,,,
2025-04-16,MTN.JO,11197.00,11197.00,11197.00,adj_close,,,
2025-04-17,MTN.JO,11003.00,11003.00,11003.00,adj_close,,,
2025-04-22,MTN.JO,11179.00,11179.00,11179.00,adj_close,,,
2025-04-23,MTN.JO,11124.00,11124.00,11124.00,adj_close,,,
2025-04-24,MTN.JO,11312.00,11312.00,11312.00,adj_close,,,
2025-04-25,MTN.JO,11552.00,11552.00,11552.00,adj_close,,,11322.12
2025-04-29,MTN.JO,11931.00,11931.00,11931.00,adj_close,,,11380.11
2025-04-30,MTN.JO,12271.00,12271.00,12271.00,adj_close,,,11464.96
2025-05-02,MTN.JO,12195.00,12195.00,12195.00,adj_close,,,11534.49
2025-05-05,MTN.JO,11870.00,11870.00,11870.00,adj_close,,,11566.44
2025-05-06,MTN.JO,11996.00,11996.00,11996.00,adj_close,,,11607.35
2025-05-07,MTN.JO,11825.00,11825.00,11825.00,adj_close,,,11628.08
2025-05-08,MTN.JO,11913.00,11913.00,11913.00,adj_close,,,11655.21
2025-05-09,MTN.JO,11827.00,11827.00,11827.00,adj_close,,,11671.57
2025-05-12,MTN.JO,11888.00,11888.00,11888.00,adj_close,,,11692.19
2025-05-13,MTN.JO,12058.00,12058.00,12058.00,adj_close,,,11727.03
2025-05-14,MTN.JO,11950.00,11950.00,11950.00,adj_close,,,11748.26
2025-05-15,MTN.JO,12016.00,12016.00,12016.00,adj_close,,,11773.76
2025-05-16,MTN.JO,12130.00,12130.00,12130.00,adj_close,,,11807.69
2025-05-19,MTN.JO,11997.00,11997.00,11997.00,adj_close,,,11825.72
2025-05-20,MTN.JO,12260.00,12260.00,12260.00,adj_close,,,11867.08
2025-05-21,MTN.JO,12104.00,12104.00,12104.00,adj_close,,,11889.64
2025-05-22,MTN.JO,12000.00,12000.00,12000.00,adj_close,,,11900.15
2025-05-23,MTN.JO,12176.00,12176.00,12176.00,adj_close,,,11926.42
2025-05-26,MTN.JO,11969.00,11969.00,11969.00,adj_close,,,11930.48
2025-05-27,MTN.JO,12032.00,12032.00,12032.00,adj_close,,,11940.15
2025-05-28,MTN.JO,12497.00,12497.00,12497.00,adj_close,,,11993.18
2025-05-29,MTN.JO,12800.00,12800.00,12800.00,adj_close,,,12070.02
2025-05-30,MTN.JO,12500.00,12500.00,12500.00,adj_close,,,12110.97
2025-06-02,MTN.JO,12569.00,12569.00,12569.00,adj_close,,,12154.59
2025-06-03,MTN.JO,13133.00,13133.00,13133.00,adj_close,,,12247.77
2025-06-04,MTN.JO,13186.00,13186.00,13186.00,adj_close,,,12337.13
2025-06-05,MTN.JO,13024.00,13024.00,13024.00,adj_close,,,12402.55
2025-06-06,MTN.JO,13014.00,13014.00,13014.00,adj_close,,,12460.78
2025-06-09,MTN.JO,13071.00,13071.00,13071.00,adj_close,,,12518.90
2025-06-10,MTN.JO,13309.00,13309.00,13309.00,adj_close,11903.34,,12594.14
2025-06-11,MTN.JO,13174.00,13174.00,13174.00,adj_close,11921.02,,12649.37
2025-06-12,MTN.JO,13424.00,13424.00,13424.00,adj_close,11939.69,,12723.14
2025-06-13,MTN.JO,13250.00,13250.00,13250.00,adj_close,11958.31,,12773.32
2025-06-17,MTN.JO,12670.00,12670.00,12670.00,adj_close,11963.55,,12763.48
2025-06-18,MTN.JO,12821.00,12821.00,12821.00,adj_close,11978.17,,12768.96
2025-06-19,MTN.JO,12712.00,12712.00,12712.00,adj_close,12006.30,,12763.53
2025-06-20,MTN.JO,12699.00,12699.00,12699.00,adj_close,12049.31,,12757.39
2025-06-23,MTN.JO,12721.00,12721.00,12721.00,adj_close,12096.69,,12753.92
2025-06-24,MTN.JO,13149.00,13149.00,13149.00,adj_close,12141.38,,12791.55
2025-06-25,MTN.JO,13190.00,13190.00,13190.00,adj_close,12197.18,,12829.50
2025-06-26,MTN.JO,13999.00,13999.00,13999.00,adj_close,12264.16,,12940.88
2025-06-27,MTN.JO,14000.00,14000.00,14000.00,adj_close,12335.06,,13041.75
2025-06-30,MTN.JO,14084.00,14084.00,14084.00,adj_close,12396.18,,13141.01
2025-07-01,MTN.JO,14200.00,14200.00,14200.00,adj_close,12459.42,,13241.86
2025-07-02,MTN.JO,13887.00,13887.00,13887.00,adj_close,12513.22,,13303.31
2025-07-03,MTN.JO,14044.00,14044.00,14044.00,adj_close,12574.04,,13373.85
2025-07-04,MTN.JO,13997.00,13997.00,13997.00,adj_close,12630.40,,13433.20
2025-07-07,MTN.JO,14167.00,14167.00,14167.00,adj_close,12691.26,,13503.08
2025-07-08,MTN.JO,14244.00,14244.00,14244.00,adj_close,12749.90,,13573.65
2025-07-09,MTN.JO,14364.00,14364.00,14364.00,adj_close,12806.14,,13648.92
2025-07-10,MTN.JO,14338.00,14338.00,14338.00,adj_close,12854.28,,13714.54
2025-07-11,MTN.JO,14230.00,14230.00,14230.00,adj_close,12893.46,,13763.64
2025-07-14,MTN.JO,14266.00,14266.00,14266.00,adj_close,12934.88,,13811.48
2025-07-15,MTN.JO,13985.00,13985.00,13985.00,adj_close,12977.18,,13828.01
2025-07-16,MTN.JO,14317.00,14317.00,14317.00,adj_close,13023.60,,13874.58
2025-07-17,MTN.JO,14564.00,14564.00,14564.00,adj_close,13078.38,,13940.24
2025-07-18,MTN.JO,14595.00,14595.00,14595.00,adj_close,13132.02,,14002.59
2025-07-21,MTN.JO,14480.00,14480.00,14480.00,adj_close,13185.08,,14048.06
2025-07-22,MTN.JO,14420.00,14420.00,14420.00,adj_close,13235.72,,14083.48
2025-07-23,MTN.JO,14033.00,14033.00,14033.00,adj_close,13275.22,,14078.68
2025-07-24,MTN.JO,14308.00,14308.00,14308.00,adj_close,13322.38,,14100.52
2025-07-25,MTN.JO,14145.00,14145.00,14145.00,adj_close,13364.96,,14104.75
2025-07-28,MTN.JO,14258.00,14258.00,14258.00,adj_close,13407.52,,14119.35
2025-07-29,MTN.JO,14585.00,14585.00,14585.00,adj_close,13459.28,,14163.70
2025-07-30,MTN.JO,14520.00,14520.00,14520.00,adj_close,13504.48,,14197.63
2025-07-31,MTN.JO,15335.00,15335.00,15335.00,adj_close,13569.10,,14305.95
2025-08-01,MTN.JO,15566.00,15566.00,15566.00,adj_close,13640.42,,14425.96
2025-08-04,MTN.JO,15382.00,15382.00,15382.00,adj_close,13704.54,,14517.01
2025-08-05,MTN.JO,15404.00,15404.00,15404.00,adj_close,13773.24,,14601.48
2025-08-06,MTN.JO,15915.00,15915.00,15915.00,adj_close,13850.90,,14726.58
2025-08-07,MTN.JO,16762.00,16762.00,16762.00,adj_close,13936.20,,14920.43
2025-08-08,MTN.JO,16500.00,16500.00,16500.00,adj_close,14010.20,,15070.86
2025-08-11,MTN.JO,16684.00,16684.00,16684.00,adj_close,14093.88,,15224.50
2025-08-12,MTN.JO,17200.00,17200.00,17200.00,adj_close,14186.50,,15412.64
2025-08-13,MTN.JO,17212.00,17212.00,17212.00,adj_close,14268.08,,15584.01
2025-08-14,MTN.JO,17268.00,17268.00,17268.00,adj_close,14349.72,,15744.39
2025-08-15,MTN.JO,17178.00,17178.00,17178.00,adj_close,14432.80,,15880.92
2025-08-18,MTN.JO,15734.00,15734.00,15734.00,adj_close,14487.20,,15866.93
2025-08-19,MTN.JO,15606.00,15606.00,15606.00,adj_close,14537.90,,15842.08
2025-08-20,MTN.JO,15712.00,15712.00,15712.00,adj_close,14585.96,,15829.69
2025-08-21,MTN.JO,15650.00,15650.00,15650.00,adj_close,14635.48,,15812.58
2025-08-22,MTN.JO,15639.00,15639.00,15639.00,adj_close,14679.78,,15796.05
2025-08-25,MTN.JO,15480.00,15480.00,15480.00,adj_close,14724.38,,15765.95
2025-08-26,MTN.JO,14978.00,14978.00,14978.00,adj_close,14770.54,,15690.90
2025-08-27,MTN.JO,15046.00,15046.00,15046.00,adj_close,14815.04,,15629.48
2025-08-28,MTN.JO,15233.00,15233.00,15233.00,adj_close,14865.46,,15591.72
2025-08-29,MTN.JO,14980.00,14980.00,14980.00,adj_close,14911.08,,15533.46
2025-09-01,MTN.JO,14551.00,14551.00,14551.00,adj_close,14947.68,,15439.90
2025-09-02,MTN.JO,14312.00,14312.00,14312.00,adj_close,14970.94,,15332.48
2025-09-03,MTN.JO,13980.00,13980.00,13980.00,adj_close,14986.74,,15203.67
2025-09-04,MTN.JO,13869.00,13869.00,13869.00,adj_close,14984.14,,15076.56
2025-09-05,MTN.JO,13956.00,13956.00,13956.00,adj_close,14983.26,,14969.84
2025-09-08,MTN.JO,13956.00,13956.00,13956.00,adj_close,14980.70,,14873.28
2025-09-09,MTN.JO,13881.00,13881.00,13881.00,adj_close,14974.32,,14778.78
2025-09-10,MTN.JO,13803.00,13803.00,13803.00,adj_close,14972.64,,14685.85
2025-09-11,MTN.JO,13782.00,13782.00,13782.00,adj_close,14967.40,,14599.77
2025-09-12,MTN.JO,13692.00,13692.00,13692.00,adj_close,14961.30,,14513.31
2025-09-15,MTN.JO,14078.00,14078.00,14078.00,adj_close,14959.52,,14471.86
2025-09-16,MTN.JO,14849.00,14849.00,14849.00,adj_close,14971.62,,14507.77
2025-09-17,MTN.JO,14664.00,14664.00,14664.00,adj_close,14977.62,,14522.65
2025-09-18,MTN.JO,14133.00,14133.00,14133.00,adj_close,14973.52,,14485.54
2025-09-19,MTN.JO,13800.00,13800.00,13800.00,adj_close,14964.92,,14420.25
2025-09-22,MTN.JO,13700.00,13700.00,13700.00,adj_close,14953.60,,14351.66
2025-09-23,MTN.JO,13784.00,13784.00,13784.00,adj_close,14949.58,,14297.59
2025-09-25,MTN.JO,13529.00,13529.00,13529.00,adj_close,14933.82,,14224.40
2025-09-26,MTN.JO,13841.00,13841.00,13841.00,adj_close,14919.36,,14187.88
2025-09-29,MTN.JO,13800.00,13800.00,13800.00,adj_close,14903.46,,14150.94
2025-09-30,MTN.JO,14500.00,14500.00,14500.00,adj_close,14903.86,,14184.18
2025-10-01,MTN.JO,14738.00,14738.00,14738.00,adj_close,14910.22,,14236.93
2025-10-02,MTN.JO,14315.00,14315.00,14315.00,adj_close,14915.86,,14244.36
2025-10-03,MTN.JO,14647.00,14647.00,14647.00,adj_close,14922.64,,14282.71
2025-10-06,MTN.JO,14372.00,14372.00,14372.00,adj_close,14927.18,,14291.21
2025-10-07,MTN.JO,14847.00,14847.00,14847.00,adj_close,14938.96,,14344.15
2025-10-08,MTN.JO,15202.00,15202.00,15202.00,adj_close,14951.30,,14425.85
2025-10-09,MTN.JO,15262.00,15262.00,15262.00,adj_close,14966.14,,14505.48
2025-10-10,MTN.JO,15477.00,15477.00,15477.00,adj_close,14968.98,,14598.01
2025-10-13,MTN.JO,15357.00,15357.00,15357.00,adj_close,14964.80,,14670.29
2025-10-14,MTN.JO,15284.00,15284.00,15284.00,adj_close,14962.84,,14728.74
2025-10-15,MTN.JO,16512.00,16512.00,16512.00,adj_close,14985.00,,14898.57
2025-10-16,MTN.JO,16274.00,16274.00,16274.00,adj_close,14992.18,,15029.57
2025-10-17,MTN.JO,16583.00,16583.00,16583.00,adj_close,14988.60,,15177.51
2025-10-20,MTN.JO,16336.00,16336.00,16336.00,adj_close,14985.32,,15287.84
2025-10-21,MTN.JO,16225.00,16225.00,16225.00,adj_close,14976.14,,15377.10
2025-10-22,MTN.JO,16674.00,16674.00,16674.00,adj_close,14965.62,,15500.61
2025-10-23,MTN.JO,16699.00,16699.00,16699.00,adj_close,14955.36,,15614.74
2025-10-24,MTN.JO,16670.00,16670.00,16670.00,adj_close,14943.40,,15715.24
2025-10-27,MTN.JO,16700.00,16700.00,16700.00,adj_close,14933.84,,15809.03
2025-10-28,MTN.JO,17200.00,17200.00,17200.00,adj_close,14963.16,,15941.50
2025-10-29,MTN.JO,16908.00,16908.00,16908.00,adj_close,14989.20,,16033.55
2025-10-30,MTN.JO,17013.00,17013.00,17013.00,adj_close,15015.22,,16126.83
2025-10-31,MTN.JO,17293.00,17293.00,17293.00,adj_close,15048.08,,16237.90
2025-11-03,MTN.JO,17320.00,17320.00,17320.00,adj_close,15081.70,,16340.95
2025-11-04,MTN.JO,16810.00,16810.00,16810.00,adj_close,15108.30,,16385.62
2025-11-05,MTN.JO,17034.00,17034.00,17034.00,adj_close,15149.42,,16447.37
2025-11-06,MTN.JO,16558.00,16558.00,16558.00,adj_close,15179.66,,16457.91
2025-11-07,MTN.JO,16474.00,16474.00,16474.00,adj_close,15204.48,,16459.44
2025-11-10,MTN.JO,16863.00,16863.00,16863.00,adj_close,15242.14,,16497.88
2025-11-11,MTN.JO,16800.00,16800.00,16800.00,adj_close,15287.12,,16526.65
2025-11-12,MTN.JO,16410.00,16410.00,16410.00,adj_close,15329.08,,16515.54
2025-11-13,MTN.JO,16918.00,16918.00,16918.00,adj_close,15387.84,,16553.87
2025-11-14,MTN.JO,16845.00,16845.00,16845.00,adj_close,15447.36,,16581.60
2025-11-17,MTN.JO,16760.00,16760.00,16760.00,adj_close,15503.44,,16598.59
2025-11-18,MTN.JO,16695.00,16695.00,16695.00,adj_close,15558.22,,16607.77
2025-11-19,MTN.JO,17010.00,17010.00,17010.00,adj_close,15620.80,,16646.08
2025-11-20,MTN.JO,17203.00,17203.00,17203.00,adj_close,15688.80,,16699.12
2025-11-21,MTN.JO,16951.00,16951.00,16951.00,adj_close,15752.18,,16723.11
2025-11-24,MTN.JO,16486.00,16486.00,16486.00,adj_close,15808.06,,16700.52
2025-11-25,MTN.JO,16827.00,16827.00,16827.00,adj_close,15863.04,,16712.57
2025-11-26,MTN.JO,16818.00,16818.00,16818.00,adj_close,15902.42,,16722.61
2025-11-27,MTN.JO,16212.00,16212.00,16212.00,adj_close,15933.38,,16673.98
2025-11-28,MTN.JO,15788.00,15788.00,15788.00,adj_close,15966.48,,16589.60
2025-12-01,MTN.JO,15572.00,15572.00,15572.00,adj_close,16001.92,,16492.69
2025-12-02,MTN.JO,15800.00,15800.00,15800.00,adj_close,16043.92,,16426.72
2025-12-03,MTN.JO,16020.00,16020.00,16020.00,adj_close,16088.64,,16387.98
2025-12-04,MTN.JO,15725.00,15725.00,15725.00,adj_close,16132.56,,16324.84
2025-12-05,MTN.JO,15801.00,15801.00,15801.00,adj_close,16171.76,,16274.95
2025-12-08,MTN.JO,15734.00,15734.00,15734.00,adj_close,16210.44,,16223.43
2025-12-09,MTN.JO,15750.00,15750.00,15750.00,adj_close,16235.44,,16178.34
2025-12-10,MTN.JO,15723.00,15723.00,15723.00,adj_close,16255.14,,16134.98
2025-12-11,MTN.JO,15780.00,15780.00,15780.00,adj_close,16284.44,,16101.17
2025-12-12,MTN.JO,15623.00,15623.00,15623.00,adj_close,16303.96,,16055.63
2025-12-15,MTN.JO,15778.00,15778.00,15778.00,adj_close,16332.08,,16029.19
2025-12-17,MTN.JO,16399.00,16399.00,16399.00,adj_close,16363.12,,16064.41
2025-12-18,MTN.JO,15860.00,15860.00,15860.00,adj_close,16376.28,,16044.94
2025-12-19,MTN.JO,15916.00,15916.00,15916.00,adj_close,16389.36,,16032.66
2025-12-22,MTN.JO,16140.00,16140.00,16140.00,adj_close,16402.62,,16042.88
2025-12-23,MTN.JO,16478.00,16478.00,16478.00,adj_close,16425.04,,16084.32
2025-12-24,MTN.JO,16639.00,16639.00,16639.00,adj_close,16452.14,,16137.15
2025-12-29,MTN.JO,16817.00,16817.00,16817.00,adj_close,16458.24,,16201.90
2025-12-30,MTN.JO,16909.00,16909.00,16909.00,adj_close,16470.94,,16269.24
2025-12-31,MTN.JO,16950.00,16950.00,16950.00,adj_close,16478.28,,16334.08
2026-01-02,MTN.JO,16992.00,16992.00,16992.00,adj_close,16491.40,,16396.73
2026-01-05,MTN.JO,17112.00,17112.00,17112.00,adj_close,16509.14,,16464.86
2026-01-06,MTN.JO,17581.00,17581.00,17581.00,adj_close,16527.28,,16571.15
2026-01-07,MTN.JO,17528.00,17528.00,17528.00,adj_close,16543.86,,16662.28
2026-01-08,MTN.JO,17709.00,17709.00,17709.00,adj_close,16564.64,,16761.97
2026-01-09,MTN.JO,17580.00,17580.00,17580.00,adj_close,16582.24,,16839.88
2026-01-12,MTN.JO,17519.00,17519.00,17519.00,adj_close,16588.62,,16904.56
2026-01-13,MTN.JO,17600.00,17600.00,17600.00,adj_close,16602.46,,16970.79
2026-01-14,MTN.JO,17184.00,17184.00,17184.00,adj_close,16605.88,14527.60,16991.09
2026-01-15,MTN.JO,17573.00,17573.00,17573.00,adj_close,16611.48,14554.01,17046.51
2026-01-16,MTN.JO,17918.00,17918.00,17918.00,adj_close,16623.44,14581.15,17129.51
2026-01-19,MTN.JO,17662.00,17662.00,17662.00,adj_close,16640.48,14607.87,17180.23
2026-01-20,MTN.JO,17662.00,17662.00,17662.00,adj_close,16653.04,14634.14,17226.11
2026-01-21,MTN.JO,17331.00,17331.00,17331.00,adj_close,16668.50,14660.34,17236.10
2026-01-22,MTN.JO,18350.00,18350.00,18350.00,adj_close,16706.02,14695.56,17342.18
2026-01-23,MTN.JO,17618.00,17618.00,17618.00,adj_close,16721.12,14730.91,17368.45
2026-01-26,MTN.JO,18216.00,18216.00,18216.00,adj_close,16749.44,14770.23,17449.17
2026-01-27,MTN.JO,18300.00,18300.00,18300.00,adj_close,16787.24,14807.16,17530.20
2026-01-28,MTN.JO,17974.00,17974.00,17974.00,adj_close,16808.36,14845.03,17572.47
2026-01-29,MTN.JO,18060.00,18060.00,18060.00,adj_close,16832.66,14882.08,17618.90
2026-01-30,MTN.JO,18093.00,18093.00,18093.00,adj_close,16859.32,14920.27,17664.05
2026-02-02,MTN.JO,18480.00,18480.00,18480.00,adj_close,16895.02,14957.53,17741.76
2026-02-03,MTN.JO,18706.00,18706.00,18706.00,adj_close,16928.94,14995.87,17833.59
2026-02-04,MTN.JO,18671.00,18671.00,18671.00,adj_close,16958.30,15033.24,17913.35
2026-02-05,MTN.JO,17596.00,17596.00,17596.00,adj_close,16971.20,15066.20,17883.12
2026-02-06,MTN.JO,18416.00,18416.00,18416.00,adj_close,17009.80,15102.39,17933.87
2026-02-09,MTN.JO,18823.00,18823.00,18823.00,adj_close,17049.72,15140.89,18018.55
2026-02-10,MTN.JO,19176.00,19176.00,19176.00,adj_close,17096.88,15180.20,18128.79
2026-02-11,MTN.JO,19210.00,19210.00,19210.00,adj_close,17156.84,15218.50,18231.76
2026-02-12,MTN.JO,19522.00,19522.00,19522.00,adj_close,17231.52,15256.45,18354.64
2026-02-13,MTN.JO,19230.00,19230.00,19230.00,adj_close,17304.68,15291.25,18438.01
2026-02-16,MTN.JO,19511.00,19511.00,19511.00,adj_close,17378.90,15327.83,18540.20
2026-02-17,MTN.JO,19527.00,19527.00,19527.00,adj_close,17449.04,15366.11,18634.18
2026-02-18,MTN.JO,19955.00,19955.00,19955.00,adj_close,17533.64,15405.91,18759.97
2026-02-19,MTN.JO,19458.00,19458.00,19458.00,adj_close,17606.78,15444.07,18826.45
2026-02-20,MTN.JO,19745.00,19745.00,19745.00,adj_close,17687.00,15483.23,18913.93
2026-02-23,MTN.JO,19517.00,19517.00,19517.00,adj_close,17762.34,15521.68,18971.37
2026-02-24,MTN.JO,19792.00,19792.00,19792.00,adj_close,17843.72,15561.20,19049.52
2026-02-25,MTN.JO,20573.00,20573.00,20573.00,adj_close,17939.58,15603.77,19194.61
2026-02-26,MTN.JO,20391.00,20391.00,20391.00,adj_close,18034.94,15645.98,19308.56
2026-02-27,MTN.JO,20757.00,20757.00,20757.00,adj_close,18134.52,15689.68,19446.50
2026-03-02,MTN.JO,20898.00,20898.00,20898.00,adj_close,18224.50,15733.52,19584.74
2026-03-03,MTN.JO,20048.00,20048.00,20048.00,adj_close,18308.26,15773.78,19628.86
2026-03-04,MTN.JO,19972.00,19972.00,19972.00,adj_close,18389.38,15812.34,19661.54
2026-03-05,MTN.JO,20165.00,20165.00,20165.00,adj_close,18469.88,15852.65,19709.49
2026-03-06,MTN.JO,19200.00,19200.00,19200.00,adj_close,18524.32,15888.65,19660.97
2026-03-09,MTN.JO,18973.00,18973.00,18973.00,adj_close,18571.00,15922.63,19595.45
2026-03-10,MTN.JO,18955.00,18955.00,18955.00,adj_close,18613.76,15957.56,19534.45
2026-03-11,MTN.JO,18660.00,18660.00,18660.00,adj_close,18648.78,15990.70,19451.17
2026-03-12,MTN.JO,18396.00,18396.00,18396.00,adj_close,18677.70,16020.19,19350.68
2026-03-13,MTN.JO,18291.00,18291.00,18291.00,adj_close,18703.68,16047.65,19249.76
2026-03-16,MTN.JO,19572.00,19572.00,19572.00,adj_close,18752.88,16083.01,19280.45
2026-03-17,MTN.JO,19564.00,19564.00,19564.00,adj_close,18792.54,16117.99,19307.45
2026-03-18,MTN.JO,19788.00,19788.00,19788.00,adj_close,18837.74,16151.26,19353.22
2026-03-19,MTN.JO,19832.00,19832.00,19832.00,adj_close,18880.20,16184.49,19398.82
2026-03-20,MTN.JO,19155.00,19155.00,19155.00,adj_close,18911.70,16215.15,19375.60
2026-03-23,MTN.JO,19282.00,19282.00,19282.00,adj_close,18946.96,16246.49,19366.68
2026-03-24,MTN.JO,19905.00,19905.00,19905.00,adj_close,18993.06,16280.66,19417.95
2026-03-25,MTN.JO,20370.00,20370.00,20370.00,adj_close,19056.78,16315.96,19508.62
2026-03-26,MTN.JO,19936.00,19936.00,19936.00,adj_close,19104.04,16349.77,19549.32
2026-03-27,MTN.JO,19460.00,19460.00,19460.00,adj_close,19134.88,16379.95,19540.82
2025-03-27,NPN.JO,94535.80,94531.24,94531.24,adj_close,,,
2025-03-28,NPN.JO,92026.60,92022.17,92022.17,adj_close,,,
2025-03-31,NPN.JO,90360.00,90355.65,90355.65,adj_close,,,
2025-04-01,NPN.JO,92088.80,92084.36,92084.36,adj_close,,,
2025-04-02,NPN.JO,93704.60,93700.09,93700.09,adj_close,,,
2025-04-03,NPN.JO,92464.00,92459.55,92459.55,adj_close,,,
2025-04-04,NPN.JO,88307.20,88302.95,88302.95,adj_close,,,
2025-04-07,NPN.JO,86320.00,86315.84,86315.84,adj_close,,,
2025-04-08,NPN.JO,86457.20,86453.04,86453.04,adj_close,,,
2025-04-09,NPN.JO,84933.20,84929.11,84929.11,adj_close,,,
2025-04-10,NPN.JO,86660.80,86656.62,86656.62,adj_close,,,
2025-04-11,NPN.JO,85746.00,85741.87,85741.87,adj_close,,,
2025-04-14,NPN.JO,89842.80,89838.47,89838.47,adj_close,,,
2025-04-15,NPN.JO,89784.00,89779.68,89779.68,adj_close,,,
2025-04-16,NPN.JO,89217.00,89212.70,89212.70,adj_close,,,
2025-04-17,NPN.JO,90180.00,90175.66,90175.66,adj_close,,,
2025-04-22,NPN.JO,91282.20,91277.80,91277.80,adj_close,,,
2025-04-23,NPN.JO,95463.00,95458.41,95458.41,adj_close,,,
2025-04-24,NPN.JO,95642.00,95637.39,95637.39,adj_close,,,
2025-04-25,NPN.JO,97981.60,97976.88,97976.88,adj_close,,,91847.73
2025-04-29,NPN.JO,96700.00,96695.34,96695.34,adj_close,,,92309.41
2025-04-30,NPN.JO,97845.80,97841.09,97841.09,adj_close,,,92836.23
2025-05-02,NPN.JO,101513.40,101508.51,101508.51,adj_close,,,93662.16
2025-05-05,NPN.JO,100190.00,100185.17,100185.17,adj_close,,,94283.40
2025-05-06,NPN.JO,101582.00,101577.11,101577.11,adj_close,,,94978.04
2025-05-07,NPN.JO,99260.00,99255.22,99255.22,adj_close,,,95385.39
2025-05-08,NPN.JO,99632.60,99627.80,99627.80,adj_close,,,95789.43
2025-05-09,NPN.JO,101710.80,101705.90,101705.90,adj_close,,,96352.90
2025-05-12,NPN.JO,105857.20,105852.10,105852.10,adj_close,,,97257.59
2025-05-13,NPN.JO,106744.40,106739.26,106739.26,adj_close,,,98160.61
2025-05-14,NPN.JO,108800.00,108794.76,108794.76,adj_close,,,99173.38
2025-05-15,NPN.JO,106201.80,106196.68,106196.68,adj_close,,,99842.27
2025-05-16,NPN.JO,106645.20,106640.07,106640.07,adj_close,,,100489.68
2025-05-19,NPN.JO,105400.00,105394.92,105394.92,adj_close,,,100956.84
2025-05-20,NPN.JO,104299.80,104294.77,104294.77,adj_close,,,101274.74
2025-05-21,NPN.JO,105034.80,105029.74,105029.74,adj_close,,,101632.36
2025-05-22,NPN.JO,105000.00,104994.95,104994.95,adj_close,,,101952.61
2025-05-23,NPN.JO,103067.80,103062.84,103062.84,adj_close,,,102058.34
2025-05-26,NPN.JO,103569.40,103564.41,103564.41,adj_close,,,102201.78
2025-05-27,NPN.JO,104790.00,104784.95,104784.95,adj_close,,,102447.79
2025-05-28,NPN.JO,103578.80,103573.80,103573.80,adj_close,,,102555.03
2025-05-29,NPN.JO,104929.40,104924.34,104924.34,adj_close,,,102780.68
2025-05-30,NPN.JO,103276.80,103271.82,103271.82,adj_close,,,102827.46
2025-06-02,NPN.JO,103472.40,103467.41,103467.41,adj_close,,,102888.40
2025-06-03,NPN.JO,103930.40,103925.39,103925.39,adj_close,,,102987.17
2025-06-04,NPN.JO,107034.80,107029.64,107029.64,adj_close,,,103372.16
2025-06-05,NPN.JO,108376.60,108371.38,108371.38,adj_close,,,103848.28
2025-06-06,NPN.JO,107167.80,107162.63,107162.63,adj_close,,,104163.93
2025-06-09,NPN.JO,108636.00,108630.77,108630.77,adj_close,,,104589.34
2025-06-10,NPN.JO,108275.60,108270.39,108270.39,adj_close,98705.65,,104939.92
2025-06-11,NPN.JO,108715.40,108710.16,108710.16,adj_close,98989.23,,105298.99
2025-06-12,NPN.JO,108740.60,108735.37,108735.37,adj_close,99323.50,,105626.26
2025-06-13,NPN.JO,106250.00,106244.88,106244.88,adj_close,99641.28,,105685.18
2025-06-17,NPN.JO,106608.60,106603.47,106603.47,adj_close,99931.66,,105772.64
2025-06-18,NPN.JO,106891.60,106886.45,106886.45,adj_close,100195.39,,105878.71
2025-06-19,NPN.JO,104561.80,104556.76,104556.76,adj_close,100437.33,,105752.81
2025-06-20,NPN.JO,104708.00,104702.96,104702.96,adj_close,100765.33,,105652.83
2025-06-23,NPN.JO,108143.20,108137.99,108137.99,adj_close,101201.78,,105889.51
2025-06-24,NPN.JO,110218.00,110212.70,110212.70,adj_close,101676.97,,106301.24
2025-06-25,NPN.JO,110161.80,110156.49,110156.49,adj_close,102181.52,,106668.41
2025-06-26,NPN.JO,110311.60,110306.29,110306.29,adj_close,102654.51,,107014.87
2025-06-27,NPN.JO,110133.20,110127.90,110127.90,adj_close,103142.23,,107311.35
2025-06-30,NPN.JO,110307.60,110302.29,110302.29,adj_close,103551.51,,107596.20
2025-07-01,NPN.JO,109417.60,109412.33,109412.33,adj_close,103944.16,,107769.17
2025-07-02,NPN.JO,108380.40,108375.18,108375.18,adj_close,104327.41,,107826.88
2025-07-03,NPN.JO,107658.80,107653.61,107653.61,adj_close,104676.97,,107810.38
2025-07-04,NPN.JO,107185.40,107180.23,107180.23,adj_close,104995.02,,107750.37
2025-07-07,NPN.JO,109124.80,109119.54,109119.54,adj_close,105268.24,,107880.76
2025-07-08,NPN.JO,110532.40,110527.08,110527.08,adj_close,105566.03,,108132.79
2025-07-09,NPN.JO,109369.40,109364.13,109364.13,adj_close,105793.78,,108250.06
2025-07-10,NPN.JO,109110.20,109104.95,109104.95,adj_close,106041.97,,108331.48
2025-07-11,NPN.JO,110120.00,110114.70,110114.70,adj_close,106287.44,,108501.31
2025-07-14,NPN.JO,108419.80,108414.58,108414.58,adj_close,106425.57,,108493.05
2025-07-15,NPN.JO,110907.60,110902.26,110902.26,adj_close,106639.91,,108722.50
2025-07-16,NPN.JO,109797.40,109792.11,109792.11,adj_close,106804.21,,108824.37
2025-07-17,NPN.JO,110085.80,110080.49,110080.49,adj_close,107020.71,,108944.00
2025-07-18,NPN.JO,111662.20,111656.83,111656.83,adj_close,107261.29,,109202.36
2025-07-21,NPN.JO,112839.60,112834.16,112834.16,adj_close,107483.86,,109548.25
2025-07-22,NPN.JO,112100.00,112094.60,112094.60,adj_close,107608.71,,109790.76
2025-07-23,NPN.JO,118006.00,118000.32,118000.32,adj_close,107833.93,,110572.62
2025-07-24,NPN.JO,118132.60,118126.91,118126.91,adj_close,108020.57,,111292.08
2025-07-25,NPN.JO,116338.00,116332.40,116332.40,adj_close,108223.29,,111772.11
2025-07-28,NPN.JO,115022.00,115016.46,115016.46,adj_close,108390.81,,112081.09
2025-07-29,NPN.JO,115000.00,114994.46,114994.46,adj_close,108582.81,,112358.56
2025-07-30,NPN.JO,113346.00,113340.54,113340.54,adj_close,108763.72,,112452.08
2025-07-31,NPN.JO,112908.40,112902.96,112902.96,adj_close,108921.19,,112495.02
2025-08-01,NPN.JO,108577.40,108572.17,108572.17,adj_close,108992.73,,112121.42
2025-08-04,NPN.JO,111488.40,111483.03,111483.03,adj_close,109161.13,,112060.62
2025-08-05,NPN.JO,111586.40,111581.02,111581.02,adj_close,109321.47,,112014.94
2025-08-06,NPN.JO,112232.20,112226.80,112226.80,adj_close,109470.30,,112035.12
2025-08-07,NPN.JO,112265.80,112260.39,112260.39,adj_close,109644.03,,112056.57
2025-08-08,NPN.JO,111964.40,111959.01,111959.01,adj_close,109784.73,,112047.28
2025-08-11,NPN.JO,111689.40,111684.02,111684.02,adj_close,109952.97,,112012.68
2025-08-12,NPN.JO,112326.60,112321.20,112321.20,adj_close,110130.05,,112042.07
2025-08-13,NPN.JO,117093.20,117087.56,117087.56,adj_close,110393.29,,112522.59
2025-08-14,NPN.JO,116195.20,116189.61,116189.61,adj_close,110576.49,,112871.83
2025-08-15,NPN.JO,116606.00,116600.38,116600.38,adj_close,110741.07,,113226.93
2025-08-18,NPN.JO,116143.20,116137.61,116137.61,adj_close,110920.57,,113504.14
2025-08-19,NPN.JO,115736.60,115731.03,115731.03,adj_close,111062.58,,113716.22
2025-08-20,NPN.JO,114680.20,114674.68,114674.68,adj_close,111190.66,,113807.50
2025-08-21,NPN.JO,113437.80,113432.34,113432.34,adj_close,111285.10,,113771.77
2025-08-22,NPN.JO,116238.40,116232.80,116232.80,adj_close,111435.05,,114006.16
2025-08-25,NPN.JO,118662.20,118656.49,118656.49,adj_close,111683.29,,114449.05
2025-08-26,NPN.JO,118266.40,118260.70,118260.70,adj_close,111916.43,,114812.06
2025-08-27,NPN.JO,115897.80,115892.22,115892.22,adj_close,112096.55,,114914.93
2025-08-28,NPN.JO,115652.00,115646.43,115646.43,adj_close,112318.34,,114984.60
2025-08-29,NPN.JO,116173.40,116167.80,116167.80,adj_close,112547.64,,115097.29
2025-09-01,NPN.JO,114603.60,114598.09,114598.09,adj_close,112676.84,,115049.74
2025-09-02,NPN.JO,113083.00,113077.55,113077.55,adj_close,112734.13,,114861.92
2025-09-03,NPN.JO,113200.00,113194.55,113194.55,adj_close,112794.90,,114703.12
2025-09-04,NPN.JO,113012.60,113007.16,113007.16,adj_close,112848.91,,114541.60
2025-09-05,NPN.JO,114483.00,114477.48,114477.48,adj_close,112935.90,,114535.49
2025-09-08,NPN.JO,114740.00,114734.48,114734.48,adj_close,113024.55,,114554.44
2025-09-09,NPN.JO,116434.40,116428.79,116428.79,adj_close,113164.88,,114732.95
2025-09-10,NPN.JO,115987.40,115981.81,115981.81,adj_close,113317.01,,114851.89
2025-09-11,NPN.JO,116995.40,116989.77,116989.77,adj_close,113503.73,,115055.50
2025-09-12,NPN.JO,117469.20,117463.55,117463.55,adj_close,113709.40,,115284.84
2025-09-15,NPN.JO,117843.80,117838.12,117838.12,adj_close,113883.77,,115528.01
2025-09-16,NPN.JO,117708.00,117702.33,117702.33,adj_close,114027.28,,115735.09
2025-09-17,NPN.JO,120668.00,120662.19,120662.19,adj_close,114253.24,,116204.33
2025-09-18,NPN.JO,122465.40,122459.50,122459.50,adj_close,114520.33,,116800.06
2025-09-19,NPN.JO,121400.00,121394.16,121394.16,adj_close,114745.92,,117237.60
2025-09-22,NPN.JO,120200.00,120194.21,120194.21,adj_close,114981.51,,117519.18
2025-09-23,NPN.JO,118748.00,118742.28,118742.28,adj_close,115138.31,,117635.66
2025-09-25,NPN.JO,120560.00,120554.20,120554.20,adj_close,115353.55,,117913.62
2025-09-26,NPN.JO,121300.00,121294.16,121294.16,adj_close,115577.83,,118235.58
2025-09-29,NPN.JO,123789.80,123783.84,123783.84,adj_close,115820.37,,118763.98
2025-09-30,NPN.JO,125093.60,125087.58,125087.58,adj_close,116065.43,,119366.23
2025-10-01,NPN.JO,126362.00,126355.91,126355.91,adj_close,116350.66,,120031.91
2025-10-02,NPN.JO,127985.00,127978.84,127978.84,adj_close,116550.23,,120788.76
2025-10-03,NPN.JO,130567.00,130560.71,130560.71,adj_close,116798.91,,121719.43
2025-10-06,NPN.JO,128328.00,128321.82,128321.82,adj_close,117038.70,,122348.22
2025-10-07,NPN.JO,127271.00,127264.87,127264.87,adj_close,117283.66,,122816.48
2025-10-08,NPN.JO,127719.00,127712.85,127712.85,adj_close,117538.03,,123282.80
2025-10-09,NPN.JO,125932.00,125925.94,125925.94,adj_close,117789.74,,123534.53
2025-10-10,NPN.JO,123097.00,123091.07,123091.07,adj_close,117993.50,,123492.29
2025-10-13,NPN.JO,121144.00,121138.16,121138.16,adj_close,118244.82,,123268.09
2025-10-14,NPN.JO,120525.00,120519.20,120519.20,adj_close,118425.55,,123006.29
2025-10-15,NPN.JO,120672.00,120666.19,120666.19,adj_close,118607.25,,122783.42
2025-10-16,NPN.JO,118872.00,118866.27,118866.27,adj_close,118740.04,,122410.36
2025-10-17,NPN.JO,118321.00,118315.30,118315.30,adj_close,118861.14,,122020.36
2025-10-20,NPN.JO,119663.00,119657.23,119657.23,adj_close,119015.10,,121795.30
2025-10-21,NPN.JO,120389.00,120383.20,120383.20,adj_close,119189.08,,121660.81
2025-10-22,NPN.JO,120371.00,120365.20,120365.20,adj_close,119349.96,,121537.42
2025-10-23,NPN.JO,122252.00,122246.11,122246.11,adj_close,119453.14,,121604.91
2025-10-24,NPN.JO,123650.00,123644.05,123644.05,adj_close,119602.22,,121799.12
2025-10-27,NPN.JO,128265.00,128258.82,128258.82,adj_close,119835.39,,122414.33
2025-10-28,NPN.JO,126080.00,126073.93,126073.93,adj_close,120034.12,,122762.86
2025-10-29,NPN.JO,127193.00,127186.88,127186.88,adj_close,120263.24,,123184.20
2025-10-30,NPN.JO,125100.00,125093.98,125093.98,adj_close,120471.62,,123366.08
2025-10-31,NPN.JO,122003.00,121997.12,121997.12,adj_close,120642.92,,123235.70
2025-11-03,NPN.JO,122400.00,122394.10,122394.10,adj_close,120766.14,,123155.55
2025-11-04,NPN.JO,123437.00,123431.05,123431.05,adj_close,120861.63,,123181.79
2025-11-05,NPN.JO,123317.00,123311.06,123311.06,adj_close,120962.64,,123194.10
2025-11-06,NPN.JO,125883.00,125876.94,125876.94,adj_close,121162.34,,123449.61
2025-11-07,NPN.JO,121705.00,121699.14,121699.14,adj_close,121283.39,,123282.90
2025-11-10,NPN.JO,124385.00,124379.01,124379.01,adj_close,121447.62,,123387.29
2025-11-11,NPN.JO,122500.00,122494.10,122494.10,adj_close,121605.54,,123302.22
2025-11-12,NPN.JO,123761.00,123755.04,123755.04,adj_close,121819.09,,123345.35
2025-11-13,NPN.JO,127100.00,127093.88,127093.88,adj_close,122097.07,,123702.35
2025-11-14,NPN.JO,121995.00,121989.12,121989.12,adj_close,122276.71,,123539.19
2025-11-17,NPN.JO,121624.00,121618.14,121618.14,adj_close,122419.52,,123356.23
2025-11-18,NPN.JO,119256.00,119250.26,119250.26,adj_close,122509.84,,122965.19
2025-11-19,NPN.JO,119450.00,119444.25,119444.25,adj_close,122570.15,,122629.86
2025-11-20,NPN.JO,118243.00,118237.30,118237.30,adj_close,122615.26,,122211.52
2025-11-21,NPN.JO,116105.00,116099.41,116099.41,adj_close,122597.45,,121629.41
2025-11-24,NPN.JO,115593.00,115587.43,115587.43,adj_close,122559.93,,121053.99
2025-11-25,NPN.JO,113181.00,113175.55,113175.55,adj_close,122466.68,,120303.66
2025-11-26,NPN.JO,113580.00,113574.53,113574.53,adj_close,122384.12,,119662.79
2025-11-27,NPN.JO,110000.00,109994.70,109994.70,adj_close,122170.77,,118742.02
2025-11-28,NPN.JO,107006.00,107000.84,107000.84,adj_close,121861.60,,117623.81
2025-12-01,NPN.JO,109100.00,109094.74,109094.74,adj_close,121615.61,,116811.52
2025-12-02,NPN.JO,105443.00,105437.92,105437.92,adj_close,121320.48,,115728.32
2025-12-03,NPN.JO,104365.00,104365.00,104365.00,adj_close,121032.94,,114646.10
2025-12-04,NPN.JO,105731.00,105731.00,105731.00,adj_close,120736.47,,113797.04
2025-12-05,NPN.JO,106400.00,106400.00,106400.00,adj_close,120438.59,,113092.56
2025-12-08,NPN.JO,103938.00,103938.00,103938.00,adj_close,120041.67,,112220.70
2025-12-09,NPN.JO,103680.00,103680.00,103680.00,adj_close,119613.52,,111407.30
2025-12-10,NPN.JO,105939.00,105939.00,105939.00,adj_close,119205.18,,110886.51
2025-12-11,NPN.JO,108560.00,108560.00,108560.00,adj_close,118816.81,,110664.94
2025-12-12,NPN.JO,110200.00,110200.00,110200.00,adj_close,118409.59,,110620.66
2025-12-15,NPN.JO,108050.00,108050.00,108050.00,adj_close,118004.16,,110375.83
2025-12-17,NPN.JO,108200.00,108200.00,108200.00,adj_close,117622.86,,110168.61
2025-12-18,NPN.JO,108822.00,108822.00,108822.00,adj_close,117245.04,,110040.36
2025-12-19,NPN.JO,113238.00,113238.00,113238.00,adj_close,116991.28,,110344.90
2025-12-22,NPN.JO,111322.00,111322.00,111322.00,adj_close,116755.90,,110437.96
2025-12-23,NPN.JO,112000.00,112000.00,112000.00,adj_close,116573.14,,110586.72
2025-12-24,NPN.JO,112019.00,112019.00,112019.00,adj_close,116403.14,,110723.13
2025-12-29,NPN.JO,111931.00,111931.00,111931.00,adj_close,116228.43,,110838.16
2025-12-30,NPN.JO,111943.00,111943.00,111943.00,adj_close,116089.97,,110943.39
2025-12-31,NPN.JO,110451.00,110451.00,110451.00,adj_close,115932.68,,110896.49
2026-01-02,NPN.JO,111177.00,111177.00,111177.00,adj_close,115763.08,,110923.21
2026-01-05,NPN.JO,111127.00,111127.00,111127.00,adj_close,115577.95,,110942.62
2026-01-06,NPN.JO,113656.00,113656.00,113656.00,adj_close,115443.77,,111201.03
2026-01-07,NPN.JO,113709.00,113709.00,113709.00,adj_close,115273.03,,111439.89
2026-01-08,NPN.JO,111876.00,111876.00,111876.00,adj_close,115037.66,,111481.42
2026-01-09,NPN.JO,110435.00,110435.00,110435.00,adj_close,114681.19,,111381.76
2026-01-12,NPN.JO,112782.00,112782.00,112782.00,adj_close,114415.35,,111515.12
2026-01-13,NPN.JO,114484.00,114484.00,114484.00,adj_close,114161.29,,111797.87
2026-01-14,NPN.JO,114417.00,114417.00,114417.00,adj_close,113947.75,111078.92,112047.31
2026-01-15,NPN.JO,110375.00,110375.00,110375.00,adj_close,113715.31,111158.14,111888.04
2026-01-16,NPN.JO,109033.00,109033.00,109033.00,adj_close,113448.09,111243.20,111616.13
2026-01-19,NPN.JO,106868.00,106868.00,106868.00,adj_close,113116.83,111325.76,111163.93
2026-01-20,NPN.JO,103858.00,103858.00,103858.00,adj_close,112727.77,111384.63,110468.13
2026-01-21,NPN.JO,101661.00,101661.00,101661.00,adj_close,112243.45,111424.43,109629.35
2026-01-22,NPN.JO,102917.00,102917.00,102917.00,adj_close,111867.80,111476.72,108990.08
2026-01-23,NPN.JO,102304.00,102304.00,102304.00,adj_close,111426.30,111546.72,108353.31
2026-01-26,NPN.JO,101012.00,101012.00,101012.00,adj_close,110996.66,111620.20,107654.14
2026-01-27,NPN.JO,103797.00,103797.00,103797.00,adj_close,110597.50,111706.92,107286.79
2026-01-28,NPN.JO,103183.00,103183.00,103183.00,adj_close,110119.28,111798.19,106895.96
2026-01-29,NPN.JO,102210.00,102210.00,102210.00,adj_close,109723.70,111875.96,106449.67
2026-01-30,NPN.JO,99150.00,99150.00,99150.00,adj_close,109274.34,111943.00,105754.47
2026-02-02,NPN.JO,99000.00,99000.00,99000.00,adj_close,108869.33,111988.81,105111.18
2026-02-03,NPN.JO,97219.00,97219.00,97219.00,adj_close,108424.83,112026.00,104359.55
2026-02-04,NPN.JO,93680.00,93680.00,93680.00,adj_close,107933.68,112048.34,103342.45
2026-02-05,NPN.JO,94166.00,94166.00,94166.00,adj_close,107495.01,112068.29,102468.50
2026-02-06,NPN.JO,95719.00,95719.00,95719.00,adj_close,107097.65,112090.50,101825.69
2026-02-09,NPN.JO,95382.00,95382.00,95382.00,adj_close,106741.77,112090.12,101212.01
2026-02-10,NPN.JO,92750.00,92750.00,92750.00,adj_close,106325.28,112075.68,100406.10
2026-02-11,NPN.JO,90580.00,90580.00,90580.00,adj_close,105936.99,112038.69,99470.28
2026-02-12,NPN.JO,90609.00,90609.00,90609.00,adj_close,105609.15,112008.26,98626.35
2026-02-13,NPN.JO,89120.00,89120.00,89120.00,adj_close,105209.66,111964.66,97720.98
2026-02-16,NPN.JO,89692.00,89692.00,89692.00,adj_close,104894.74,111905.58,96956.32
2026-02-17,NPN.JO,89203.00,89203.00,89203.00,adj_close,104591.50,111850.66,96217.91
2026-02-18,NPN.JO,91555.00,91555.00,91555.00,adj_close,104307.98,111800.55,95773.82
2026-02-19,NPN.JO,90500.00,90500.00,90500.00,adj_close,103989.98,111756.78,95271.55
2026-02-20,NPN.JO,89917.00,89917.00,89917.00,adj_close,103709.56,111708.22,94761.59
2026-02-23,NPN.JO,91475.00,91475.00,91475.00,adj_close,103465.46,111657.07,94448.59
2026-02-24,NPN.JO,90341.00,90341.00,90341.00,adj_close,103153.50,111579.51,94057.39
2026-02-25,NPN.JO,90883.00,90883.00,90883.00,adj_close,102799.96,111500.23,93755.06
2026-02-26,NPN.JO,88694.00,88694.00,88694.00,adj_close,102369.84,111399.73,93273.06
2026-02-27,NPN.JO,88528.00,88528.00,88528.00,adj_close,101979.40,111311.39,92821.15
2026-03-02,NPN.JO,86521.00,86521.00,86521.00,adj_close,101545.82,111210.79,92221.13
2026-03-03,NPN.JO,84438.00,84438.00,84438.00,adj_close,101058.14,111106.01,91479.88
2026-03-04,NPN.JO,86948.00,86948.00,86948.00,adj_close,100532.34,111019.27,91048.28
2026-03-05,NPN.JO,88096.00,88096.00,88096.00,adj_close,100067.82,110934.60,90767.11
2026-03-06,NPN.JO,87662.00,87662.00,87662.00,adj_close,99581.06,110847.94,90471.38
2026-03-09,NPN.JO,88074.00,88074.00,88074.00,adj_close,99102.16,110772.99,90243.06
2026-03-10,NPN.JO,94508.00,94508.00,94508.00,adj_close,98753.70,110727.71,90649.24
2026-03-11,NPN.JO,93179.00,93179.00,93179.00,adj_close,98378.42,110669.68,90890.17
2026-03-12,NPN.JO,93789.00,93789.00,93789.00,adj_close,98045.18,110620.76,91166.25
2026-03-13,NPN.JO,97000.00,97000.00,97000.00,adj_close,97761.64,110581.14,91721.85
2026-03-16,NPN.JO,97482.00,97482.00,97482.00,adj_close,97488.74,110552.19,92270.43
2026-03-17,NPN.JO,97974.00,97974.00,97974.00,adj_close,97175.10,110524.72,92813.63
2026-03-18,NPN.JO,91129.00,91129.00,91129.00,adj_close,96723.50,110460.74,92653.19
2026-03-19,NPN.JO,89263.00,89263.00,89263.00,adj_close,96271.24,110371.90,92330.31
2026-03-20,NPN.JO,88900.00,88900.00,88900.00,adj_close,95840.54,110274.55,92003.62
2026-03-23,NPN.JO,88600.00,88600.00,88600.00,adj_close,95356.90,110181.73,91679.46
2026-03-24,NPN.JO,86593.00,86593.00,86593.00,adj_close,94799.08,110071.55,91195.04
2026-03-25,NPN.JO,90847.00,90847.00,90847.00,adj_close,94327.68,109984.43,91161.89
2026-03-26,NPN.JO,88234.00,88234.00,88234.00,adj_close,93884.86,109882.05,90883.04
2026-03-27,NPN.JO,85832.00,85832.00,85832.00,adj_close,93420.84,109767.53,90401.99
2025-03-27,SBK.JO,24675.00,24658.43,24658.43,adj_close,,,
2025-03-28,SBK.JO,24131.00,24114.80,24114.80,adj_close,,,
2025-03-31,SBK.JO,23941.00,23924.93,23924.93,adj_close,,,
2025-04-01,SBK.JO,24156.00,24139.78,24139.78,adj_close,,,
2025-04-02,SBK.JO,23140.00,23124.46,23124.46,adj_close,,,
2025-04-03,SBK.JO,21991.00,21976.24,21976.24,adj_close,,,
2025-04-04,SBK.JO,21245.00,21230.74,21230.74,adj_close,,,
2025-04-07,SBK.JO,21899.00,21884.30,21884.30,adj_close,,,
2025-04-08,SBK.JO,22500.00,22484.89,22484.89,adj_close,,,
2025-04-09,SBK.JO,20231.00,20224.28,20224.28,adj_close,,,
2025-04-10,SBK.JO,21406.00,21398.88,21398.88,adj_close,,,
2025-04-11,SBK.JO,20991.00,20984.02,20984.02,adj_close,,,
2025-04-14,SBK.JO,22223.00,22215.61,22215.61,adj_close,,,
2025-04-15,SBK.JO,22185.00,22177.63,22177.63,adj_close,,,
2025-04-16,SBK.JO,22248.00,22240.61,22240.61,adj_close,,,
2025-04-17,SBK.JO,22430.00,22422.54,22422.54,adj_close,,,
2025-04-22,SBK.JO,22500.00,22492.52,22492.52,adj_close,,,
2025-04-23,SBK.JO,22775.00,22767.43,22767.43,adj_close,,,
2025-04-24,SBK.JO,22789.00,22781.43,22781.43,adj_close,,,
2025-04-25,SBK.JO,229.00,228.92,228.92,adj_close,,,20540.10
2025-04-29,SBK.JO,23336.00,23328.24,23328.24,adj_close,,,20805.64
2025-04-30,SBK.JO,23171.00,23163.30,23163.30,adj_close,,,21030.17
2025-05-02,SBK.JO,23626.00,23618.15,23618.15,adj_close,,,21276.65
2025-05-05,SBK.JO,23065.00,23057.33,23057.33,adj_close,,,21446.24
2025-05-06,SBK.JO,22618.00,22610.48,22610.48,adj_close,,,21557.12
2025-05-07,SBK.JO,22670.00,22662.46,22662.46,adj_close,,,21662.39
2025-05-08,SBK.JO,22412.00,22404.55,22404.55,adj_close,,,21733.07
2025-05-09,SBK.JO,22534.00,22526.51,22526.51,adj_close,,,21808.64
2025-05-12,SBK.JO,23233.00,23225.28,23225.28,adj_close,,,21943.55
2025-05-13,SBK.JO,23327.00,23319.25,23319.25,adj_close,,,22074.57
2025-05-14,SBK.JO,23107.00,23099.32,23099.32,adj_close,,,22172.17
2025-05-15,SBK.JO,23428.00,23420.21,23420.21,adj_close,,,22291.03
2025-05-16,SBK.JO,23314.00,23306.25,23306.25,adj_close,,,22387.72
2025-05-19,SBK.JO,22919.00,22911.38,22911.38,adj_close,,,22437.59
2025-05-20,SBK.JO,22699.00,22691.46,22691.46,adj_close,,,22461.77
2025-05-21,SBK.JO,22798.00,22790.42,22790.42,adj_close,,,22493.07
2025-05-22,SBK.JO,22595.00,22587.49,22587.49,adj_close,,,22502.06
2025-05-23,SBK.JO,22657.00,22649.47,22649.47,adj_close,,,22516.10
2025-05-26,SBK.JO,22871.00,22863.40,22863.40,adj_close,,,22549.18
2025-05-27,SBK.JO,22760.00,22752.44,22752.44,adj_close,,,22568.53
2025-05-28,SBK.JO,23168.00,23160.30,23160.30,adj_close,,,22624.89
2025-05-29,SBK.JO,23509.00,23501.19,23501.19,adj_close,,,22708.35
2025-05-30,SBK.JO,23324.00,23316.25,23316.25,adj_close,,,22766.24
2025-06-02,SBK.JO,23125.00,23117.31,23117.31,adj_close,,,22799.68
2025-06-03,SBK.JO,23067.00,23059.33,23059.33,adj_close,,,22824.41
2025-06-04,SBK.JO,23243.00,23235.28,23235.28,adj_close,,,22863.54
2025-06-05,SBK.JO,23172.00,23164.30,23164.30,adj_close,,,22892.18
2025-06-06,SBK.JO,23406.00,23398.22,23398.22,adj_close,,,22940.38
2025-06-09,SBK.JO,23453.00,23445.21,23445.21,adj_close,,,22988.46
2025-06-10,SBK.JO,23800.00,23792.09,23792.09,adj_close,22392.99,,23064.99
2025-06-11,SBK.JO,23332.00,23324.25,23324.25,adj_close,22366.30,,23089.68
2025-06-12,SBK.JO,23536.00,23528.18,23528.18,adj_close,22354.57,,23131.45
2025-06-13,SBK.JO,22746.00,22738.44,22738.44,adj_close,22330.84,,23094.02
2025-06-17,SBK.JO,22708.00,22700.45,22700.45,adj_close,22302.05,,23056.53
2025-06-18,SBK.JO,22698.00,22690.46,22690.46,adj_close,22293.37,,23021.67
2025-06-19,SBK.JO,22654.00,22646.47,22646.47,adj_close,22306.78,,22985.94
2025-06-20,SBK.JO,22740.00,22732.44,22732.44,adj_close,22336.81,,22961.79
2025-06-23,SBK.JO,22435.00,22427.54,22427.54,adj_close,22347.68,,22910.91
2025-06-24,SBK.JO,23452.00,23444.21,23444.21,adj_close,22366.86,,22961.70
2025-06-25,SBK.JO,22789.00,22781.43,22781.43,adj_close,22418.01,,22944.53
2025-06-26,SBK.JO,22506.00,22498.52,22498.52,adj_close,22440.00,,22902.06
2025-06-27,SBK.JO,22820.00,22812.42,22812.42,adj_close,22476.57,,22893.52
2025-06-30,SBK.JO,22753.00,22745.44,22745.44,adj_close,22487.16,,22879.42
2025-07-01,SBK.JO,22775.00,22767.43,22767.43,adj_close,22498.96,,22868.75
2025-07-02,SBK.JO,22511.00,22503.52,22503.52,adj_close,22504.22,,22833.97
2025-07-03,SBK.JO,22829.00,22821.41,22821.41,adj_close,22512.20,,22832.77
2025-07-04,SBK.JO,22650.00,22642.47,22642.47,adj_close,22515.19,,22814.65
2025-07-07,SBK.JO,22557.00,22549.50,22549.50,adj_close,22510.84,,22789.40
2025-07-08,SBK.JO,22691.00,22683.46,22683.46,adj_close,22508.88,,22779.31
2025-07-09,SBK.JO,22748.00,22740.44,22740.44,adj_close,22959.11,,22775.60
2025-07-10,SBK.JO,22697.00,22689.46,22689.46,adj_close,22946.33,,22767.40
2025-07-11,SBK.JO,22077.00,22069.66,22069.66,adj_close,22924.46,,22700.95
2025-07-14,SBK.JO,21992.00,21984.69,21984.69,adj_close,22891.79,,22632.73
2025-07-15,SBK.JO,22085.00,22077.66,22077.66,adj_close,22872.20,,22579.87
2025-07-16,SBK.JO,22369.00,22361.57,22361.57,adj_close,22867.22,,22559.08
2025-07-17,SBK.JO,22699.00,22691.46,22691.46,adj_close,22867.80,,22571.69
2025-07-18,SBK.JO,23206.00,23198.29,23198.29,adj_close,22883.67,,22631.36
2025-07-21,SBK.JO,23070.00,23062.33,23062.33,adj_close,22894.39,,22672.41
2025-07-22,SBK.JO,22801.00,22793.42,22793.42,adj_close,22885.75,,22683.93
2025-07-23,SBK.JO,22950.00,22942.37,22942.37,adj_close,22878.21,,22708.55
2025-07-24,SBK.JO,23101.00,23093.32,23093.32,adj_close,22878.09,,22745.19
2025-07-25,SBK.JO,22844.00,22836.41,22836.41,adj_close,22866.42,,22753.88
2025-07-28,SBK.JO,22974.00,22966.37,22966.37,adj_close,22859.62,,22774.12
2025-07-29,SBK.JO,23117.00,23109.32,23109.32,adj_close,22863.58,,22806.04
2025-07-30,SBK.JO,23347.00,23339.24,23339.24,adj_close,22876.53,,22856.82
2025-07-31,SBK.JO,23441.00,23433.21,23433.21,adj_close,22889.39,,22911.72
2025-08-01,SBK.JO,23357.00,23349.24,23349.24,adj_close,22904.63,,22953.38
2025-08-04,SBK.JO,23192.00,23184.29,23184.29,adj_close,22915.32,,22975.38
2025-08-05,SBK.JO,22974.00,22966.37,22966.37,adj_close,22917.38,,22974.52
2025-08-06,SBK.JO,22875.00,22867.40,22867.40,adj_close,22919.68,,22964.32
2025-08-07,SBK.JO,22900.00,22892.39,22892.39,adj_close,22914.32,,22957.47
2025-08-08,SBK.JO,23082.00,23074.33,23074.33,adj_close,22905.79,,22968.60
2025-08-11,SBK.JO,23250.00,23242.27,23242.27,adj_close,22904.31,,22994.66
2025-08-12,SBK.JO,23643.00,23635.14,23635.14,adj_close,22914.66,,23055.66
2025-08-13,SBK.JO,24202.00,24193.96,24193.96,adj_close,22937.35,,23164.07
2025-08-14,SBK.JO,24911.00,24902.72,24902.72,adj_close,22970.70,,23329.65
2025-08-15,SBK.JO,25040.00,25031.68,25031.68,adj_close,23008.05,,23491.75
2025-08-18,SBK.JO,24755.00,24746.77,24746.77,adj_close,23035.02,,23611.28
2025-08-19,SBK.JO,25017.00,25008.69,25008.69,adj_close,23066.29,,23744.36
2025-08-20,SBK.JO,25117.00,25108.65,25108.65,adj_close,23092.62,,23874.30
2025-08-21,SBK.JO,24930.00,24921.71,24921.71,adj_close,23124.57,,23974.05
2025-08-22,SBK.JO,25500.00,25491.53,25491.53,adj_close,23163.84,,24118.57
2025-08-25,SBK.JO,25050.00,25041.67,25041.67,adj_close,23209.90,,24206.49
2025-08-26,SBK.JO,24678.00,24669.80,24669.80,adj_close,23249.29,,24250.61
2025-08-27,SBK.JO,24839.00,24830.74,24830.74,adj_close,23292.10,,24305.86
2025-08-28,SBK.JO,25119.00,25110.65,25110.65,adj_close,23341.38,,24382.51
2025-08-29,SBK.JO,24886.00,24877.73,24877.73,adj_close,23384.29,,24429.67
2025-09-01,SBK.JO,24665.00,24656.80,24656.80,adj_close,23428.87,,24451.30
2025-09-02,SBK.JO,24307.00,24298.92,24298.92,adj_close,23445.97,,24436.79
2025-09-03,SBK.JO,23992.00,23984.03,23984.03,adj_close,23470.02,,24393.67
2025-09-04,SBK.JO,23759.00,23751.10,23751.10,adj_close,23495.07,,24332.47
2025-09-05,SBK.JO,24148.00,24139.97,24139.97,adj_close,23521.62,,24314.14
2025-09-08,SBK.JO,24650.00,24641.81,24641.81,adj_close,23559.55,,24345.35
2025-09-09,SBK.JO,24581.00,24572.83,24572.83,adj_close,23595.66,,24367.01
2025-09-10,SBK.JO,23631.00,23631.00,23631.00,adj_close,23618.21,,24296.92
2025-09-11,SBK.JO,23874.00,23874.00,23874.00,adj_close,23639.26,,24256.64
2025-09-12,SBK.JO,23931.00,23931.00,23931.00,adj_close,23665.03,,24225.62
2025-09-15,SBK.JO,23828.00,23828.00,23828.00,adj_close,23690.60,,24187.76
2025-09-16,SBK.JO,23994.00,23994.00,23994.00,adj_close,23716.81,,24169.30
2025-09-17,SBK.JO,24143.00,24143.00,24143.00,adj_close,23744.86,,24166.80
2025-09-18,SBK.JO,24320.00,24320.00,24320.00,adj_close,23777.47,,24181.39
2025-09-19,SBK.JO,24406.00,24406.00,24406.00,adj_close,23824.20,,24202.78
2025-09-22,SBK.JO,24099.00,24099.00,24099.00,adj_close,23866.48,,24192.90
2025-09-23,SBK.JO,24075.00,24075.00,24075.00,adj_close,23906.43,,24181.67
2025-09-25,SBK.JO,23741.00,23741.00,23741.00,adj_close,23934.02,,24139.70
2025-09-26,SBK.JO,23640.00,23640.00,23640.00,adj_close,23952.99,,24092.11
2025-09-29,SBK.JO,23529.00,23529.00,23529.00,adj_close,23959.60,,24038.48
2025-09-30,SBK.JO,23639.00,23639.00,23639.00,adj_close,23971.14,,24000.43
2025-10-01,SBK.JO,24063.00,24063.00,24063.00,adj_close,23996.53,,24006.39
2025-10-02,SBK.JO,24001.00,24001.00,24001.00,adj_close,24017.70,,24005.88
2025-10-03,SBK.JO,24649.00,24649.00,24649.00,adj_close,24048.81,,24067.13
2025-10-06,SBK.JO,24934.00,24934.00,24934.00,adj_close,24090.77,,24149.69
2025-10-07,SBK.JO,24592.00,24592.00,24592.00,adj_close,24123.28,,24191.81
2025-10-08,SBK.JO,24767.00,24767.00,24767.00,adj_close,24156.43,,24246.59
2025-10-09,SBK.JO,25246.00,25246.00,25246.00,adj_close,24194.57,,24341.77
2025-10-10,SBK.JO,25600.00,25600.00,25600.00,adj_close,24237.90,,24461.61
2025-10-13,SBK.JO,25402.00,25402.00,25402.00,adj_close,24278.96,,24551.17
2025-10-14,SBK.JO,25300.00,25300.00,25300.00,adj_close,24321.27,,24622.48
2025-10-15,SBK.JO,25396.00,25396.00,25396.00,adj_close,24369.87,,24696.15
2025-10-16,SBK.JO,25390.00,25390.00,25390.00,adj_close,24420.32,,24762.23
2025-10-17,SBK.JO,25179.00,25179.00,25179.00,adj_close,24466.05,,24801.93
2025-10-20,SBK.JO,25263.00,25263.00,25263.00,adj_close,24509.82,,24845.84
2025-10-21,SBK.JO,25486.00,25486.00,25486.00,adj_close,24554.70,,24906.80
2025-10-22,SBK.JO,25719.00,25719.00,25719.00,adj_close,24596.38,,24984.16
2025-10-23,SBK.JO,25719.00,25719.00,25719.00,adj_close,24626.88,,25054.14
2025-10-24,SBK.JO,25617.00,25617.00,25617.00,adj_close,24641.16,,25107.75
2025-10-27,SBK.JO,25307.00,25307.00,25307.00,adj_close,24646.67,,25126.72
2025-10-28,SBK.JO,25847.00,25847.00,25847.00,adj_close,24668.67,,25195.32
2025-10-29,SBK.JO,25681.00,25681.00,25681.00,adj_close,24682.12,,25241.58
2025-10-30,SBK.JO,25337.00,25337.00,25337.00,adj_close,24686.69,,25250.66
2025-10-31,SBK.JO,25456.00,25456.00,25456.00,adj_close,24697.37,,25270.22
2025-11-03,SBK.JO,25542.00,25542.00,25542.00,adj_close,24698.38,,25296.10
2025-11-04,SBK.JO,25377.00,25377.00,25377.00,adj_close,24705.09,,25303.81
2025-11-05,SBK.JO,25755.00,25755.00,25755.00,adj_close,24726.79,,25346.78
2025-11-06,SBK.JO,26454.00,26454.00,26454.00,adj_close,24759.26,,25452.23
2025-11-07,SBK.JO,25800.00,25800.00,25800.00,adj_close,24773.04,,25485.35
2025-11-10,SBK.JO,26409.00,26409.00,26409.00,adj_close,24803.67,,25573.32
2025-11-11,SBK.JO,26192.00,26192.00,26192.00,adj_close,24834.37,,25632.24
2025-11-12,SBK.JO,26975.00,26975.00,26975.00,adj_close,24887.89,,25760.12
2025-11-13,SBK.JO,27140.00,27140.00,27140.00,adj_close,24951.01,,25891.54
2025-11-14,SBK.JO,27100.00,27100.00,27100.00,adj_close,25017.99,,26006.63
2025-11-17,SBK.JO,27403.00,27403.00,27403.00,adj_close,25083.25,,26139.62
2025-11-18,SBK.JO,27328.00,27328.00,27328.00,adj_close,25136.98,,26252.80
2025-11-19,SBK.JO,27133.00,27133.00,27133.00,adj_close,25188.18,,26336.63
2025-11-20,SBK.JO,27400.00,27400.00,27400.00,adj_close,25263.56,,26437.90
2025-11-21,SBK.JO,26736.00,26736.00,26736.00,adj_close,25320.80,,26466.29
2025-11-24,SBK.JO,26482.00,26482.00,26482.00,adj_close,25371.82,,26467.79
2025-11-25,SBK.JO,26589.00,26589.00,26589.00,adj_close,25427.04,,26479.33
2025-11-26,SBK.JO,27102.00,27102.00,27102.00,adj_close,25489.20,,26538.63
2025-11-27,SBK.JO,26535.00,26535.00,26535.00,adj_close,25537.04,,26538.29
2025-11-28,SBK.JO,26362.00,26362.00,26362.00,adj_close,25577.88,,26521.50
2025-12-01,SBK.JO,26289.00,26289.00,26289.00,adj_close,25615.54,,26499.35
2025-12-02,SBK.JO,26856.00,26856.00,26856.00,adj_close,25670.68,,26533.32
2025-12-03,SBK.JO,27100.00,27100.00,27100.00,adj_close,25731.18,,26587.29
2025-12-04,SBK.JO,27529.00,27529.00,27529.00,adj_close,25806.94,,26676.98
2025-12-05,SBK.JO,27737.00,27737.00,27737.00,adj_close,25888.88,,26777.93
2025-12-08,SBK.JO,27230.00,27230.00,27230.00,adj_close,25962.90,,26820.99
2025-12-09,SBK.JO,27325.00,27325.00,27325.00,adj_close,26036.62,,26868.99
2025-12-10,SBK.JO,27265.00,27265.00,27265.00,adj_close,26100.66,,26906.70
2025-12-11,SBK.JO,27568.00,27568.00,27568.00,adj_close,26172.00,,26969.68
2025-12-12,SBK.JO,27673.00,27673.00,27673.00,adj_close,26232.48,,27036.67
2025-12-15,SBK.JO,28049.00,28049.00,28049.00,adj_close,26294.78,,27133.08
2025-12-17,SBK.JO,28396.00,28396.00,28396.00,adj_close,26370.86,,27253.36
2025-12-18,SBK.JO,28595.00,28595.00,28595.00,adj_close,26447.42,,27381.13
2025-12-19,SBK.JO,28336.00,28336.00,28336.00,adj_close,26509.22,,27472.07
2025-12-22,SBK.JO,28226.00,28226.00,28226.00,adj_close,26561.74,,27543.87
2025-12-23,SBK.JO,28570.00,28570.00,28570.00,adj_close,26625.10,,27641.60
2025-12-24,SBK.JO,28830.00,28830.00,28830.00,adj_close,26695.70,,27754.78
2025-12-29,SBK.JO,28843.00,28843.00,28843.00,adj_close,26764.64,,27858.42
2025-12-30,SBK.JO,28926.00,28926.00,28926.00,adj_close,26835.36,,27960.10
2025-12-31,SBK.JO,29040.00,29040.00,29040.00,adj_close,26912.58,,28062.94
2026-01-02,SBK.JO,29142.00,29142.00,29142.00,adj_close,26990.16,,28165.71
2026-01-05,SBK.JO,29083.00,29083.00,29083.00,adj_close,27062.10,,28253.07
2026-01-06,SBK.JO,29470.00,29470.00,29470.00,adj_close,27137.12,,28368.97
2026-01-07,SBK.JO,29249.00,29249.00,29249.00,adj_close,27207.72,,28452.78
2026-01-08,SBK.JO,29281.00,29281.00,29281.00,adj_close,27281.00,,28531.66
2026-01-09,SBK.JO,29324.00,29324.00,29324.00,adj_close,27361.34,,28607.12
2026-01-12,SBK.JO,28929.00,28929.00,28929.00,adj_close,27422.98,,28637.78
2026-01-13,SBK.JO,28279.00,28279.00,28279.00,adj_close,27474.94,,28603.61
2026-01-14,SBK.JO,28300.00,28300.00,28300.00,adj_close,27534.20,24426.62,28574.69
2026-01-15,SBK.JO,28820.00,28820.00,28820.00,adj_close,27601.48,24447.43,28598.05
2026-01-16,SBK.JO,28862.00,28862.00,28862.00,adj_close,27667.88,24471.17,28623.19
2026-01-19,SBK.JO,28865.00,28865.00,28865.00,adj_close,27737.64,24495.87,28646.22
2026-01-20,SBK.JO,28989.00,28989.00,28989.00,adj_close,27802.32,24520.11,28678.87
2026-01-21,SBK.JO,28900.00,28900.00,28900.00,adj_close,27851.24,24548.99,28699.93
2026-01-22,SBK.JO,29621.00,29621.00,29621.00,adj_close,27927.66,24587.22,28787.65
2026-01-23,SBK.JO,29584.00,29584.00,29584.00,adj_close,27991.16,24628.98,28863.49
2026-01-26,SBK.JO,29800.00,29800.00,29800.00,adj_close,28063.32,24668.56,28952.68
2026-01-27,SBK.JO,30010.00,30010.00,30010.00,adj_close,28124.02,24706.19,29053.38
2026-01-28,SBK.JO,29669.00,29669.00,29669.00,adj_close,28174.60,24753.41,29112.01
2026-01-29,SBK.JO,29896.00,29896.00,29896.00,adj_close,28230.52,24795.90,29186.68
2026-01-30,SBK.JO,29873.00,29873.00,29873.00,adj_close,28279.92,24840.34,29252.04
2026-02-02,SBK.JO,30644.00,30644.00,30644.00,adj_close,28346.24,24882.48,29384.61
2026-02-03,SBK.JO,30955.00,30955.00,30955.00,adj_close,28422.68,24926.37,29534.17
2026-02-04,SBK.JO,30845.00,30845.00,30845.00,adj_close,28491.58,24969.39,29659.01
2026-02-05,SBK.JO,31005.00,31005.00,31005.00,adj_close,28576.96,25012.30,29787.20
2026-02-06,SBK.JO,30944.00,30944.00,30944.00,adj_close,28666.20,25054.56,29897.37
2026-02-09,SBK.JO,30887.00,30887.00,30887.00,adj_close,28752.16,25095.16,29991.62
2026-02-10,SBK.JO,31227.00,31227.00,31227.00,adj_close,28834.66,25137.39,30109.28
2026-02-11,SBK.JO,31215.00,31215.00,31215.00,adj_close,28928.26,25292.32,30214.58
2026-02-12,SBK.JO,31377.00,31377.00,31377.00,adj_close,29028.56,25332.56,30325.29
2026-02-13,SBK.JO,31372.00,31372.00,31372.00,adj_close,29130.22,25373.60,30424.98
2026-02-16,SBK.JO,31552.00,31552.00,31552.00,adj_close,29224.14,25413.27,30532.31
2026-02-17,SBK.JO,31748.00,31748.00,31748.00,adj_close,29317.10,25456.73,30648.09
2026-02-18,SBK.JO,32428.00,32428.00,32428.00,adj_close,29415.08,25505.81,30817.61
2026-02-19,SBK.JO,32450.00,32450.00,32450.00,adj_close,29509.34,25554.75,30973.07
2026-02-20,SBK.JO,32003.00,32003.00,32003.00,adj_close,29604.80,25602.74,31071.16
2026-02-23,SBK.JO,32202.00,32202.00,32202.00,adj_close,29702.34,25651.12,31178.86
2026-02-24,SBK.JO,32365.00,32365.00,32365.00,adj_close,29804.34,25696.82,31291.83
2026-02-25,SBK.JO,32194.00,32194.00,32194.00,adj_close,29896.86,25741.19,31377.75
2026-02-26,SBK.JO,32519.00,32519.00,32519.00,adj_close,29993.78,25788.29,31486.44
2026-02-27,SBK.JO,32133.00,32133.00,32133.00,adj_close,30075.46,25831.86,31548.02
2026-03-02,SBK.JO,32042.00,32042.00,32042.00,adj_close,30148.38,25875.53,31595.06
2026-03-03,SBK.JO,30506.00,30506.00,30506.00,adj_close,30186.60,25913.51,31491.34
2026-03-04,SBK.JO,30896.00,30896.00,30896.00,adj_close,30237.80,25954.53,31434.64
2026-03-05,SBK.JO,30715.00,30715.00,30715.00,adj_close,30287.58,25994.15,31366.10
2026-03-06,SBK.JO,29183.00,29183.00,29183.00,adj_close,30299.84,26027.13,31158.19
2026-03-09,SBK.JO,29471.00,29471.00,29471.00,adj_close,30312.66,26061.24,30997.51
2026-03-10,SBK.JO,29868.00,29868.00,29868.00,adj_close,30333.16,26096.26,30889.93
2026-03-11,SBK.JO,29476.00,29476.00,29476.00,adj_close,30344.16,26129.88,30755.27
2026-03-12,SBK.JO,29536.00,29536.00,29536.00,adj_close,30354.08,26161.76,30639.15
2026-03-13,SBK.JO,29439.00,29439.00,29439.00,adj_close,30360.02,26191.45,30524.85
2026-03-16,SBK.JO,30579.00,30579.00,30579.00,adj_close,30389.94,26227.76,30530.01
2026-03-17,SBK.JO,30750.00,30750.00,30750.00,adj_close,30415.54,26265.92,30550.96
2026-03-18,SBK.JO,30421.00,30421.00,30421.00,adj_close,30438.98,26302.73,30538.58
2026-03-19,SBK.JO,29719.00,29719.00,29719.00,adj_close,30447.74,26335.15,30460.53
2026-03-20,SBK.JO,29643.00,29643.00,29643.00,adj_close,30454.12,26367.54,30382.67
2026-03-23,SBK.JO,29960.00,29960.00,29960.00,adj_close,30474.74,26400.35,30342.41
2026-03-24,SBK.JO,29910.00,29910.00,29910.00,adj_close,30507.36,26432.68,30301.23
2026-03-25,SBK.JO,30555.00,30555.00,30555.00,adj_close,30552.46,26466.49,30325.40
2026-03-26,SBK.JO,30090.00,30090.00,30090.00,adj_close,30577.86,26500.32,30302.98
2026-03-27,SBK.JO,29781.00,29781.00,29781.00,adj_close,30596.24,26531.59,30253.27
